#
# There is insufficient memory for the Java Runtime Environment to continue.
# Native memory allocation (malloc) failed to allocate 7517144 bytes. Error detail: Chunk::new
# Possible reasons:
#   The system is out of physical RAM or swap space
#   This process is running with CompressedOops enabled, and the Java Heap may be blocking the growth of the native heap
# Possible solutions:
#   Reduce memory load on the system
#   Increase physical memory or swap space
#   Check if swap backing store is full
#   Decrease Java heap size (-Xmx/-Xms)
#   Decrease number of Java threads
#   Decrease Java thread stack sizes (-Xss)
#   Set larger code cache with -XX:ReservedCodeCacheSize=
#   JVM is running with Unscaled Compressed Oops mode in which the Java heap is
#     placed in the first 4GB address space. The Java Heap base address is the
#     maximum limit for the native heap growth. Please use -XX:HeapBaseMinAddress
#     to set the Java Heap base and to place the Java Heap above 4GB virtual address.
# This output file may be truncated or incomplete.
#
#  Out of Memory Error (arena.cpp:186), pid=22516, tid=18824
#
# JRE version: OpenJDK Runtime Environment (25.0.3) (build 25.0.3+-15898627-b508.16)
# Java VM: OpenJDK 64-Bit Server VM (25.0.3+-15898627-b508.16, mixed mode, tiered, compressed oops, compressed class ptrs, g1 gc, windows-amd64)
# No core dump will be written. Minidumps are not enabled by default on client versions of Windows
#

---------------  S U M M A R Y ------------

Command Line: --add-opens=java.base/java.lang=ALL-UNNAMED --add-opens=java.base/java.lang.invoke=ALL-UNNAMED --add-opens=java.base/java.util=ALL-UNNAMED --add-opens=java.prefs/java.util.prefs=ALL-UNNAMED --add-exports=jdk.compiler/com.sun.tools.javac.api=ALL-UNNAMED --add-exports=jdk.compiler/com.sun.tools.javac.util=ALL-UNNAMED --add-opens=java.base/java.nio.charset=ALL-UNNAMED --add-opens=java.base/java.net=ALL-UNNAMED --add-opens=java.base/java.util.concurrent=ALL-UNNAMED --add-opens=java.base/java.util.concurrent.atomic=ALL-UNNAMED --add-opens=java.xml/javax.xml.namespace=ALL-UNNAMED --add-opens=java.base/java.time=ALL-UNNAMED --enable-native-access=ALL-UNNAMED -Xmx2048m -Dfile.encoding=UTF-8 -Duser.country=US -Duser.language=en -Duser.variant -javaagent:C:\Users\user\.gradle\wrapper\dists\gradle-9.7.1-bin\1w1c7tv4s851m17nbqdsro2tv\gradle-9.7.1\lib\agents\gradle-instrumentation-agent-9.7.1.jar org.gradle.launcher.daemon.bootstrap.GradleDaemon 9.7.1

Host: 13th Gen Intel(R) Core(TM) i5-13450HX, 16 cores, 19G,  Windows 11 , 64 bit Build 26100 (10.0.26100.9444)
Time: Wed Sep 23 13:28:47 2026 SE Asia Standard Time elapsed time: 23.749531 seconds (0d 0h 0m 23s)

---------------  T H R E A D  ---------------

Current thread (0x00000219b533f6f0):  JavaThread "C2 CompilerThread5" daemon [_thread_in_native, id=18824, stack(0x0000003c57400000,0x0000003c57500000) (1024K)]


Current CompileTask:
C2:23749 22997       4       org.objectweb.asm.ClassWriter::toByteArray (1535 bytes)

Stack: [0x0000003c57400000,0x0000003c57500000]
Native frames: (J=compiled Java code, j=interpreted, Vv=VM code, C=native code)
V  [jvm.dll+0x7bf039]  (no source info available)
V  [jvm.dll+0x78912d]  (no source info available)
V  [jvm.dll+0xa0e615]  (no source info available)
V  [jvm.dll+0xa10c94]  (no source info available)
V  [jvm.dll+0xa11393]  (no source info available)
V  [jvm.dll+0x30a116]  (no source info available)
V  [jvm.dll+0x10eda9]  (no source info available)
V  [jvm.dll+0x10f0d2]  (no source info available)
V  [jvm.dll+0x1a9b77]  (no source info available)
V  [jvm.dll+0x3bf612]  (no source info available)
V  [jvm.dll+0x7c48b7]  (no source info available)
V  [jvm.dll+0x2ce466]  (no source info available)
V  [jvm.dll+0x2cd641]  (no source info available)
V  [jvm.dll+0x24334a]  (no source info available)
V  [jvm.dll+0x2dd025]  (no source info available)
V  [jvm.dll+0x2db226]  (no source info available)
V  [jvm.dll+0x49c12e]  (no source info available)
V  [jvm.dll+0x9ad738]  (no source info available)
V  [jvm.dll+0x7bd585]  (no source info available)
C  [ucrtbase.dll+0x2cd30]  (no source info available)
C  [KERNEL32.DLL+0x2cd87]  (no source info available)
C  [ntdll.dll+0xacaec]  (no source info available)

Lock stack of current Java thread (top to bottom):


---------------  P R O C E S S  ---------------

Threads class SMR info:
_java_thread_list=0x00000219c620dfd0, length=91, elements={
0x000002199756f3d0, 0x00000219af8632d0, 0x00000219b4023cd0, 0x00000219b4024b30,
0x00000219af87a710, 0x00000219af87b2d0, 0x00000219af87be90, 0x00000219af87ca50,
0x00000219af87d940, 0x00000219af87e550, 0x00000219b4159ff0, 0x00000219b442d230,
0x00000219b64f5630, 0x00000219b64d6100, 0x00000219b73b97f0, 0x00000219b73b1b50,
0x00000219b70cda30, 0x00000219b612a390, 0x00000219b612bb00, 0x00000219b6129bc0,
0x00000219b612c2d0, 0x00000219b612d270, 0x00000219b612e9e0, 0x00000219b7ba8180,
0x00000219b7ba98f0, 0x00000219b7ba8950, 0x00000219b7ba9120, 0x00000219ba089cb0,
0x00000219ba0875a0, 0x00000219ba08a480, 0x00000219ba086dd0, 0x00000219ba08b420,
0x00000219ba087d70, 0x00000219ba08d360, 0x00000219ba08e300, 0x00000219ba08c3c0,
0x00000219ba08cb90, 0x00000219b7a264b0, 0x00000219b7a283f0, 0x00000219b7a27c20,
0x00000219b7a28bc0, 0x00000219b7a2b2d0, 0x00000219b7a2c270, 0x00000219b7a2ab00,
0x00000219b7667930, 0x00000219b76690a0, 0x00000219b766d6f0, 0x00000219b766dec0,
0x00000219b766c750, 0x00000219ba55fad0, 0x00000219ba55f300, 0x00000219ba560a70,
0x00000219ba55e360, 0x00000219ba563180, 0x00000219ba5621e0, 0x00000219ba646c60,
0x00000219ba644d20, 0x00000219ba6454f0, 0x00000219ba646490, 0x00000219ba644550,
0x00000219ba64aae0, 0x00000219ba64b2b0, 0x00000219ba648ba0, 0x00000219ba800c20,
0x00000219ba801bc0, 0x00000219c5771b60, 0x00000219c4f2f590, 0x00000219c4f2c6b0,
0x00000219c4f30530, 0x00000219c4f30d00, 0x00000219c4f2d650, 0x00000219c4f34b80,
0x00000219c4f32c40, 0x00000219c4f33be0, 0x00000219c4f33410, 0x00000219ba806210,
0x00000219ba807980, 0x00000219c577a030, 0x00000219c83b0930, 0x00000219c83b3fe0,
0x00000219c83b18d0, 0x00000219c83b5750, 0x00000219c83b66f0, 0x00000219c83b6ec0,
0x00000219c6da4c30, 0x00000219c6da1bd0, 0x00000219c6da7c90, 0x00000219c6dadd50,
0x00000219b533ae60, 0x00000219b5341f40, 0x00000219b533f6f0
}

Java Threads: ( => current thread )
  0x000002199756f3d0 JavaThread "main"                              [_thread_blocked, id=18272, stack(0x0000003c50500000,0x0000003c50600000) (1024K)]
  0x00000219af8632d0 JavaThread "Common-Cleaner"             daemon [_thread_blocked, id=17820, stack(0x0000003c50d00000,0x0000003c50e00000) (1024K)]
  0x00000219b4023cd0 JavaThread "Reference Handler"          daemon [_thread_blocked, id=6644, stack(0x0000003c50e00000,0x0000003c50f00000) (1024K)]
  0x00000219b4024b30 JavaThread "Finalizer"                  daemon [_thread_blocked, id=4652, stack(0x0000003c50f00000,0x0000003c51000000) (1024K)]
  0x00000219af87a710 JavaThread "Signal Dispatcher"          daemon [_thread_blocked, id=10872, stack(0x0000003c51000000,0x0000003c51100000) (1024K)]
  0x00000219af87b2d0 JavaThread "Attach Listener"            daemon [_thread_blocked, id=15976, stack(0x0000003c51100000,0x0000003c51200000) (1024K)]
  0x00000219af87be90 JavaThread "Service Thread"             daemon [_thread_blocked, id=1832, stack(0x0000003c51200000,0x0000003c51300000) (1024K)]
  0x00000219af87ca50 JavaThread "Monitor Deflation Thread"   daemon [_thread_blocked, id=21712, stack(0x0000003c51300000,0x0000003c51400000) (1024K)]
  0x00000219af87d940 JavaThread "C2 CompilerThread0"         daemon [_thread_blocked, id=6836, stack(0x0000003c51400000,0x0000003c51500000) (1024K)]
  0x00000219af87e550 JavaThread "C1 CompilerThread0"         daemon [_thread_blocked, id=24340, stack(0x0000003c51500000,0x0000003c51600000) (1024K)]
  0x00000219b4159ff0 JavaThread "C1 CompilerThread1"         daemon [_thread_blocked, id=6832, stack(0x0000003c51600000,0x0000003c51700000) (1024K)]
  0x00000219b442d230 JavaThread "Notification Thread"        daemon [_thread_blocked, id=15852, stack(0x0000003c51800000,0x0000003c51900000) (1024K)]
  0x00000219b64f5630 JavaThread "Daemon health stats"               [_thread_blocked, id=16540, stack(0x0000003c52400000,0x0000003c52500000) (1024K)]
  0x00000219b64d6100 JavaThread "Incoming local TCP Connector on port 55360"        [_thread_in_native, id=21860, stack(0x0000003c52500000,0x0000003c52600000) (1024K)]
  0x00000219b73b97f0 JavaThread "Daemon periodic checks"            [_thread_blocked, id=22056, stack(0x0000003c52600000,0x0000003c52700000) (1024K)]
  0x00000219b73b1b50 JavaThread "Daemon"                            [_thread_blocked, id=11008, stack(0x0000003c52f00000,0x0000003c53000000) (1024K)]
  0x00000219b70cda30 JavaThread "Handler for socket connection from /127.0.0.1:55360 to /127.0.0.1:55361"        [_thread_in_native, id=3156, stack(0x0000003c53000000,0x0000003c53100000) (1024K)]
  0x00000219b612a390 JavaThread "Cancel handler"                    [_thread_blocked, id=13248, stack(0x0000003c53100000,0x0000003c53200000) (1024K)]
  0x00000219b612bb00 JavaThread "Daemon worker"                     [_thread_in_Java, id=8276, stack(0x0000003c53200000,0x0000003c53300000) (1024K)]
  0x00000219b6129bc0 JavaThread "Asynchronous log dispatcher for DefaultDaemonConnection: socket connection from /127.0.0.1:55360 to /127.0.0.1:55361"        [_thread_blocked, id=2776, stack(0x0000003c53300000,0x0000003c53400000) (1024K)]
  0x00000219b612c2d0 JavaThread "Stdin handler"                     [_thread_blocked, id=19612, stack(0x0000003c53400000,0x0000003c53500000) (1024K)]
  0x00000219b612d270 JavaThread "Daemon client event forwarder"        [_thread_blocked, id=10012, stack(0x0000003c53500000,0x0000003c53600000) (1024K)]
  0x00000219b612e9e0 JavaThread "Cache worker for journal cache (C:\Users\user\.gradle\caches\journal-1)"        [_thread_blocked, id=12104, stack(0x0000003c53600000,0x0000003c53700000) (1024K)]
  0x00000219b7ba8180 JavaThread "File lock request listener"        [_thread_in_native, id=2992, stack(0x0000003c53700000,0x0000003c53800000) (1024K)]
  0x00000219b7ba98f0 JavaThread "Cache worker for file hash cache (C:\Users\user\.gradle\caches\9.7.1\fileHashes)"        [_thread_blocked, id=17204, stack(0x0000003c53800000,0x0000003c53900000) (1024K)]
  0x00000219b7ba8950 JavaThread "Cache worker for file hash cache (C:\Users\user\OneDrive - Universitas Ciputra\Documents\Matkul\Semester 3\Visual Programming\Week_02\Week_02_VP_B_1076012510036_Edric\.gradle\9.7.1\fileHashes)"        [_thread_blocked, id=20880, stack(0x0000003c53900000,0x0000003c53a00000) (1024K)]
  0x00000219b7ba9120 JavaThread "Cache worker for Build Output Cleanup Cache (C:\Users\user\OneDrive - Universitas Ciputra\Documents\Matkul\Semester 3\Visual Programming\Week_02\Week_02_VP_B_1076012510036_Edric\.gradle\buildOutputCleanup)"        [_thread_blocked, id=15484, stack(0x0000003c53a00000,0x0000003c53b00000) (1024K)]
  0x00000219ba089cb0 JavaThread "File watcher server"        daemon [_thread_in_native, id=22688, stack(0x0000003c53b00000,0x0000003c53c00000) (1024K)]
  0x00000219ba0875a0 JavaThread "File watcher consumer"      daemon [_thread_blocked, id=13416, stack(0x0000003c53c00000,0x0000003c53d00000) (1024K)]
  0x00000219ba08a480 JavaThread "jar transforms"                    [_thread_blocked, id=19552, stack(0x0000003c53d00000,0x0000003c53e00000) (1024K)]
  0x00000219ba086dd0 JavaThread "jar transforms Thread 2"           [_thread_blocked, id=18544, stack(0x0000003c53e00000,0x0000003c53f00000) (1024K)]
  0x00000219ba08b420 JavaThread "jar transforms Thread 3"           [_thread_blocked, id=7448, stack(0x0000003c53f00000,0x0000003c54000000) (1024K)]
  0x00000219ba087d70 JavaThread "jar transforms Thread 4"           [_thread_blocked, id=5012, stack(0x0000003c54000000,0x0000003c54100000) (1024K)]
  0x00000219ba08d360 JavaThread "jar transforms Thread 5"           [_thread_blocked, id=23844, stack(0x0000003c54100000,0x0000003c54200000) (1024K)]
  0x00000219ba08e300 JavaThread "jar transforms Thread 6"           [_thread_blocked, id=18676, stack(0x0000003c54200000,0x0000003c54300000) (1024K)]
  0x00000219ba08c3c0 JavaThread "jar transforms Thread 7"           [_thread_blocked, id=7544, stack(0x0000003c54300000,0x0000003c54400000) (1024K)]
  0x00000219ba08cb90 JavaThread "jar transforms Thread 8"           [_thread_blocked, id=17508, stack(0x0000003c54400000,0x0000003c54500000) (1024K)]
  0x00000219b7a264b0 JavaThread "jar transforms Thread 9"           [_thread_blocked, id=22912, stack(0x0000003c54500000,0x0000003c54600000) (1024K)]
  0x00000219b7a283f0 JavaThread "jar transforms Thread 10"          [_thread_blocked, id=3320, stack(0x0000003c54600000,0x0000003c54700000) (1024K)]
  0x00000219b7a27c20 JavaThread "jar transforms Thread 11"          [_thread_blocked, id=8780, stack(0x0000003c54700000,0x0000003c54800000) (1024K)]
  0x00000219b7a28bc0 JavaThread "jar transforms Thread 12"          [_thread_blocked, id=19256, stack(0x0000003c54800000,0x0000003c54900000) (1024K)]
  0x00000219b7a2b2d0 JavaThread "jar transforms Thread 13"          [_thread_blocked, id=21536, stack(0x0000003c54900000,0x0000003c54a00000) (1024K)]
  0x00000219b7a2c270 JavaThread "jar transforms Thread 14"          [_thread_blocked, id=17280, stack(0x0000003c54a00000,0x0000003c54b00000) (1024K)]
  0x00000219b7a2ab00 JavaThread "jar transforms Thread 15"          [_thread_blocked, id=12240, stack(0x0000003c54b00000,0x0000003c54c00000) (1024K)]
  0x00000219b7667930 JavaThread "jar transforms Thread 16"          [_thread_blocked, id=24148, stack(0x0000003c54c00000,0x0000003c54d00000) (1024K)]
  0x00000219b76690a0 JavaThread "Cache worker for file content cache (C:\Users\user\.gradle\caches\9.7.1\fileContent)"        [_thread_blocked, id=15308, stack(0x0000003c54d00000,0x0000003c54e00000) (1024K)]
  0x00000219b766d6f0 JavaThread "Cache worker for checksums cache (C:\Users\user\OneDrive - Universitas Ciputra\Documents\Matkul\Semester 3\Visual Programming\Week_02\Week_02_VP_B_1076012510036_Edric\.gradle\9.7.1\checksums)"        [_thread_blocked, id=19112, stack(0x0000003c54e00000,0x0000003c54f00000) (1024K)]
  0x00000219b766dec0 JavaThread "Cache worker for cache directory md-supplier (C:\Users\user\.gradle\caches\9.7.1\md-supplier)"        [_thread_blocked, id=19656, stack(0x0000003c54f00000,0x0000003c55000000) (1024K)]
  0x00000219b766c750 JavaThread "Cache worker for cache directory md-rule (C:\Users\user\.gradle\caches\9.7.1\md-rule)"        [_thread_blocked, id=5972, stack(0x0000003c55000000,0x0000003c55100000) (1024K)]
  0x00000219ba55fad0 JavaThread "Build operations"                  [_thread_blocked, id=19060, stack(0x0000003c51d00000,0x0000003c51e00000) (1024K)]
  0x00000219ba55f300 JavaThread "Build operations Thread 2"         [_thread_blocked, id=11776, stack(0x0000003c55100000,0x0000003c55200000) (1024K)]
  0x00000219ba560a70 JavaThread "Build operations Thread 3"         [_thread_blocked, id=10504, stack(0x0000003c55200000,0x0000003c55300000) (1024K)]
  0x00000219ba55e360 JavaThread "Build operations Thread 4"         [_thread_blocked, id=14752, stack(0x0000003c55300000,0x0000003c55400000) (1024K)]
  0x00000219ba563180 JavaThread "Build operations Thread 5"         [_thread_blocked, id=3432, stack(0x0000003c55400000,0x0000003c55500000) (1024K)]
  0x00000219ba5621e0 JavaThread "Build operations Thread 6"         [_thread_blocked, id=23892, stack(0x0000003c55500000,0x0000003c55600000) (1024K)]
  0x00000219ba646c60 JavaThread "Build operations Thread 7"         [_thread_blocked, id=11420, stack(0x0000003c55600000,0x0000003c55700000) (1024K)]
  0x00000219ba644d20 JavaThread "Build operations Thread 8"         [_thread_blocked, id=18720, stack(0x0000003c55700000,0x0000003c55800000) (1024K)]
  0x00000219ba6454f0 JavaThread "Build operations Thread 9"         [_thread_blocked, id=24216, stack(0x0000003c55800000,0x0000003c55900000) (1024K)]
  0x00000219ba646490 JavaThread "Build operations Thread 10"        [_thread_blocked, id=22088, stack(0x0000003c55900000,0x0000003c55a00000) (1024K)]
  0x00000219ba644550 JavaThread "Build operations Thread 11"        [_thread_blocked, id=11132, stack(0x0000003c55a00000,0x0000003c55b00000) (1024K)]
  0x00000219ba64aae0 JavaThread "Build operations Thread 12"        [_thread_blocked, id=21160, stack(0x0000003c55b00000,0x0000003c55c00000) (1024K)]
  0x00000219ba64b2b0 JavaThread "Build operations Thread 13"        [_thread_blocked, id=12276, stack(0x0000003c55c00000,0x0000003c55d00000) (1024K)]
  0x00000219ba648ba0 JavaThread "Build operations Thread 14"        [_thread_blocked, id=17576, stack(0x0000003c55d00000,0x0000003c55e00000) (1024K)]
  0x00000219ba800c20 JavaThread "Build operations Thread 15"        [_thread_blocked, id=14920, stack(0x0000003c55e00000,0x0000003c55f00000) (1024K)]
  0x00000219ba801bc0 JavaThread "Build operations Thread 16"        [_thread_blocked, id=15992, stack(0x0000003c55f00000,0x0000003c56000000) (1024K)]
  0x00000219c5771b60 JavaThread "Memory manager"                    [_thread_blocked, id=7524, stack(0x0000003c51a00000,0x0000003c51b00000) (1024K)]
  0x00000219c4f2f590 JavaThread "included builds"                   [_thread_blocked, id=8588, stack(0x0000003c56000000,0x0000003c56100000) (1024K)]
  0x00000219c4f2c6b0 JavaThread "Execution worker"                  [_thread_blocked, id=6012, stack(0x0000003c56100000,0x0000003c56200000) (1024K)]
  0x00000219c4f30530 JavaThread "Execution worker Thread 2"         [_thread_blocked, id=20216, stack(0x0000003c56200000,0x0000003c56300000) (1024K)]
  0x00000219c4f30d00 JavaThread "Execution worker Thread 3"         [_thread_blocked, id=11840, stack(0x0000003c56300000,0x0000003c56400000) (1024K)]
  0x00000219c4f2d650 JavaThread "Execution worker Thread 4"         [_thread_blocked, id=18232, stack(0x0000003c56400000,0x0000003c56500000) (1024K)]
  0x00000219c4f34b80 JavaThread "Execution worker Thread 5"         [_thread_blocked, id=24012, stack(0x0000003c56500000,0x0000003c56600000) (1024K)]
  0x00000219c4f32c40 JavaThread "Execution worker Thread 6"         [_thread_blocked, id=12064, stack(0x0000003c56600000,0x0000003c56700000) (1024K)]
  0x00000219c4f33be0 JavaThread "Execution worker Thread 7"         [_thread_blocked, id=15132, stack(0x0000003c56700000,0x0000003c56800000) (1024K)]
  0x00000219c4f33410 JavaThread "Execution worker Thread 8"         [_thread_blocked, id=21272, stack(0x0000003c56800000,0x0000003c56900000) (1024K)]
  0x00000219ba806210 JavaThread "Execution worker Thread 9"         [_thread_blocked, id=10912, stack(0x0000003c56900000,0x0000003c56a00000) (1024K)]
  0x00000219ba807980 JavaThread "Execution worker Thread 10"        [_thread_blocked, id=7972, stack(0x0000003c56a00000,0x0000003c56b00000) (1024K)]
  0x00000219c577a030 JavaThread "Execution worker Thread 11"        [_thread_blocked, id=17356, stack(0x0000003c56b00000,0x0000003c56c00000) (1024K)]
  0x00000219c83b0930 JavaThread "Execution worker Thread 12"        [_thread_blocked, id=9540, stack(0x0000003c56c00000,0x0000003c56d00000) (1024K)]
  0x00000219c83b3fe0 JavaThread "Execution worker Thread 13"        [_thread_blocked, id=9440, stack(0x0000003c56d00000,0x0000003c56e00000) (1024K)]
  0x00000219c83b18d0 JavaThread "Execution worker Thread 14"        [_thread_blocked, id=8068, stack(0x0000003c56e00000,0x0000003c56f00000) (1024K)]
  0x00000219c83b5750 JavaThread "Execution worker Thread 15"        [_thread_blocked, id=7500, stack(0x0000003c56f00000,0x0000003c57000000) (1024K)]
  0x00000219c83b66f0 JavaThread "Cache worker for execution history cache (C:\Users\user\OneDrive - Universitas Ciputra\Documents\Matkul\Semester 3\Visual Programming\Week_02\Week_02_VP_B_1076012510036_Edric\.gradle\9.7.1\executionHistory)"        [_thread_blocked, id=3988, stack(0x0000003c57000000,0x0000003c57100000) (1024K)]
  0x00000219c83b6ec0 JavaThread "idea-tooling-model-converter"        [_thread_blocked, id=22988, stack(0x0000003c57100000,0x0000003c57200000) (1024K)]
  0x00000219c6da4c30 JavaThread "C1 CompilerThread2"         daemon [_thread_blocked, id=6396, stack(0x0000003c51700000,0x0000003c51800000) (1024K)]
  0x00000219c6da1bd0 JavaThread "C1 CompilerThread3"         daemon [_thread_blocked, id=10288, stack(0x0000003c51900000,0x0000003c51a00000) (1024K)]
  0x00000219c6da7c90 JavaThread "C2 CompilerThread1"         daemon [_thread_in_native, id=18548, stack(0x0000003c51b00000,0x0000003c51c00000) (1024K)]
  0x00000219c6dadd50 JavaThread "C2 CompilerThread2"         daemon [_thread_in_native, id=14084, stack(0x0000003c51c00000,0x0000003c51d00000) (1024K)]
  0x00000219b533ae60 JavaThread "C2 CompilerThread3"         daemon [_thread_blocked, id=13736, stack(0x0000003c57200000,0x0000003c57300000) (1024K)]
  0x00000219b5341f40 JavaThread "C2 CompilerThread4"         daemon [_thread_blocked, id=12652, stack(0x0000003c57300000,0x0000003c57400000) (1024K)]
=>0x00000219b533f6f0 JavaThread "C2 CompilerThread5"         daemon [_thread_in_native, id=18824, stack(0x0000003c57400000,0x0000003c57500000) (1024K)]
Total: 91

Other Threads:
  0x00000219af836940 VMThread "VM Thread"                           [id=14708, stack(0x0000003c50c00000,0x0000003c50d00000) (1024K)]
  0x00000219af7fdd10 WatcherThread "VM Periodic Task Thread"        [id=3048, stack(0x0000003c50b00000,0x0000003c50c00000) (1024K)]
  0x00000219975cce70 WorkerThread "GC Thread#0"                     [id=14660, stack(0x0000003c50600000,0x0000003c50700000) (1024K)]
  0x00000219b543d030 WorkerThread "GC Thread#1"                     [id=13256, stack(0x0000003c51e00000,0x0000003c51f00000) (1024K)]
  0x00000219b543d460 WorkerThread "GC Thread#2"                     [id=11728, stack(0x0000003c51f00000,0x0000003c52000000) (1024K)]
  0x00000219b543e8a0 WorkerThread "GC Thread#3"                     [id=10008, stack(0x0000003c52000000,0x0000003c52100000) (1024K)]
  0x00000219b543fe60 WorkerThread "GC Thread#4"                     [id=24320, stack(0x0000003c52100000,0x0000003c52200000) (1024K)]
  0x00000219b54402b0 WorkerThread "GC Thread#5"                     [id=3608, stack(0x0000003c52200000,0x0000003c52300000) (1024K)]
  0x00000219b54413f0 WorkerThread "GC Thread#6"                     [id=9620, stack(0x0000003c52300000,0x0000003c52400000) (1024K)]
  0x00000219b5440fa0 WorkerThread "GC Thread#7"                     [id=12560, stack(0x0000003c52700000,0x0000003c52800000) (1024K)]
  0x00000219b5441c90 WorkerThread "GC Thread#8"                     [id=2600, stack(0x0000003c52800000,0x0000003c52900000) (1024K)]
  0x00000219b5442530 WorkerThread "GC Thread#9"                     [id=6820, stack(0x0000003c52900000,0x0000003c52a00000) (1024K)]
  0x00000219b543f170 WorkerThread "GC Thread#10"                    [id=23088, stack(0x0000003c52a00000,0x0000003c52b00000) (1024K)]
  0x00000219b543f5c0 WorkerThread "GC Thread#11"                    [id=4372, stack(0x0000003c52b00000,0x0000003c52c00000) (1024K)]
  0x00000219b614bc90 WorkerThread "GC Thread#12"                    [id=2616, stack(0x0000003c52c00000,0x0000003c52d00000) (1024K)]
  0x00000219975e7760 ConcurrentGCThread "G1 Main Marker"            [id=10628, stack(0x0000003c50700000,0x0000003c50800000) (1024K)]
  0x00000219975e8300 WorkerThread "G1 Conc#0"                       [id=20168, stack(0x0000003c50800000,0x0000003c50900000) (1024K)]
  0x00000219b614afa0 WorkerThread "G1 Conc#1"                       [id=11228, stack(0x0000003c52d00000,0x0000003c52e00000) (1024K)]
  0x00000219b6148030 WorkerThread "G1 Conc#2"                       [id=14484, stack(0x0000003c52e00000,0x0000003c52f00000) (1024K)]
  0x00000219af6d4640 ConcurrentGCThread "G1 Refine#0"               [id=12532, stack(0x0000003c50900000,0x0000003c50a00000) (1024K)]
  0x00000219af6d7260 ConcurrentGCThread "G1 Service"                [id=8556, stack(0x0000003c50a00000,0x0000003c50b00000) (1024K)]
Total: 21

Threads with active compile tasks:
C2 CompilerThread1  23908 23046       4       org.objectweb.asm.ClassReader::readCode (5117 bytes)
C2 CompilerThread2  23908 23069       4       org.objectweb.asm.SymbolTable::addConstantNameAndType (137 bytes)
C2 CompilerThread5  23908 22997       4       org.objectweb.asm.ClassWriter::toByteArray (1535 bytes)
Total: 3

VM state: not at safepoint (normal execution)

VM Mutex/Monitor currently owned by a thread: None

Heap address: 0x0000000080000000, size: 2048 MB, Compressed Oops mode: 32-bit

CDS archive(s) not mapped
Compressed class space mapped at: 0x0000000024000000-0x0000000064000000, reserved size: 1073741824
UseCompressedClassPointers 1, UseCompactObjectHeaders 0
Narrow klass pointer bits 32, Max shift 3
Narrow klass base: 0x0000000000000000, Narrow klass shift: 0
Encoding Range: [0x0000000000000000 - 0x0000000100000000), (4294967296 bytes)
Klass Range:    [0x0000000024000000 - 0x0000000064000000), (1073741824 bytes)
Klass ID Range:  [603979776 - 1677721593) (1073741817)
No protection zone.

GC Precious Log:
 CardTable entry size: 512
 Card Set container configuration: InlinePtr #cards 5 size 8 Array Of Cards #cards 10 size 36 Howl #buckets 4 coarsen threshold 1843 Howl Bitmap #cards 512 size 80 coarsen threshold 460 Card regions per heap region 1 cards per card region 2048
 CPUs: 16 total, 16 available
 Memory: 20187M
 Large Page Support: Disabled
 NUMA Support: Disabled
 Compressed Oops: Enabled (32-bit)
 Heap Region Size: 1M
 Heap Min Capacity: 8M
 Heap Initial Capacity: 316M
 Heap Max Capacity: 2G
 Pre-touch: Disabled
 Parallel Workers: 13
 Concurrent Workers: 3
 Concurrent Refinement Workers: 13
 Periodic GC: Disabled

Heap:
 garbage-first heap   total reserved 2097152K, committed 363520K, used 236856K [0x0000000080000000, 0x0000000100000000)
  region size 1024K, 53 young (54272K), 7 survivors (7168K)

Heap Regions: E=young(eden), S=young(survivor), O=old, HS=humongous(starts), HC=humongous(continues), CS=collection set, F=free, TAMS=top-at-mark-start, PB=parsable bottom
|   0|0x0000000080000000, 0x0000000080100000, 0x0000000080100000|100%|HS|  |TAMS 0x0000000080000000| PB 0x0000000080000000| Complete |  0
|   1|0x0000000080100000, 0x0000000080200000, 0x0000000080200000|100%|HC|  |TAMS 0x0000000080100000| PB 0x0000000080100000| Complete |  0
|   2|0x0000000080200000, 0x0000000080300000, 0x0000000080300000|100%|HC|  |TAMS 0x0000000080200000| PB 0x0000000080200000| Complete |  0
|   3|0x0000000080300000, 0x0000000080400000, 0x0000000080400000|100%|HC|  |TAMS 0x0000000080300000| PB 0x0000000080300000| Complete |  0
|   4|0x0000000080400000, 0x0000000080500000, 0x0000000080500000|100%| O|  |TAMS 0x0000000080400000| PB 0x0000000080400000| Untracked |  0
|   5|0x0000000080500000, 0x0000000080600000, 0x0000000080600000|100%| O|  |TAMS 0x0000000080500000| PB 0x0000000080500000| Untracked |  0
|   6|0x0000000080600000, 0x0000000080700000, 0x0000000080700000|100%| O|  |TAMS 0x0000000080600000| PB 0x0000000080600000| Untracked |  0
|   7|0x0000000080700000, 0x0000000080800000, 0x0000000080800000|100%|HS|  |TAMS 0x0000000080700000| PB 0x0000000080700000| Complete |  0
|   8|0x0000000080800000, 0x0000000080900000, 0x0000000080900000|100%| O|  |TAMS 0x0000000080800000| PB 0x0000000080800000| Untracked |  0
|   9|0x0000000080900000, 0x0000000080a00000, 0x0000000080a00000|100%| O|  |TAMS 0x0000000080900000| PB 0x0000000080900000| Untracked |  0
|  10|0x0000000080a00000, 0x0000000080b00000, 0x0000000080b00000|100%| O|  |TAMS 0x0000000080a00000| PB 0x0000000080a00000| Untracked |  0
|  11|0x0000000080b00000, 0x0000000080c00000, 0x0000000080c00000|100%| O|  |TAMS 0x0000000080b00000| PB 0x0000000080b00000| Untracked |  0
|  12|0x0000000080c00000, 0x0000000080d00000, 0x0000000080d00000|100%| O|  |TAMS 0x0000000080c00000| PB 0x0000000080c00000| Untracked |  0
|  13|0x0000000080d00000, 0x0000000080e00000, 0x0000000080e00000|100%| O|  |TAMS 0x0000000080d00000| PB 0x0000000080d00000| Untracked |  0
|  14|0x0000000080e00000, 0x0000000080f00000, 0x0000000080f00000|100%| O|  |TAMS 0x0000000080e00000| PB 0x0000000080e00000| Untracked |  0
|  15|0x0000000080f00000, 0x0000000081000000, 0x0000000081000000|100%| O|  |TAMS 0x0000000080f00000| PB 0x0000000080f00000| Untracked |  0
|  16|0x0000000081000000, 0x0000000081100000, 0x0000000081100000|100%| O|  |TAMS 0x0000000081000000| PB 0x0000000081000000| Untracked |  0
|  17|0x0000000081100000, 0x0000000081200000, 0x0000000081200000|100%| O|  |TAMS 0x0000000081100000| PB 0x0000000081100000| Untracked |  0
|  18|0x0000000081200000, 0x0000000081300000, 0x0000000081300000|100%| O|  |TAMS 0x0000000081200000| PB 0x0000000081200000| Untracked |  0
|  19|0x0000000081300000, 0x0000000081400000, 0x0000000081400000|100%|HS|  |TAMS 0x0000000081300000| PB 0x0000000081300000| Complete |  0
|  20|0x0000000081400000, 0x0000000081500000, 0x0000000081500000|100%|HC|  |TAMS 0x0000000081400000| PB 0x0000000081400000| Complete |  0
|  21|0x0000000081500000, 0x0000000081600000, 0x0000000081600000|100%|HC|  |TAMS 0x0000000081500000| PB 0x0000000081500000| Complete |  0
|  22|0x0000000081600000, 0x0000000081700000, 0x0000000081700000|100%|HC|  |TAMS 0x0000000081600000| PB 0x0000000081600000| Complete |  0
|  23|0x0000000081700000, 0x0000000081800000, 0x0000000081800000|100%|HC|  |TAMS 0x0000000081700000| PB 0x0000000081700000| Complete |  0
|  24|0x0000000081800000, 0x0000000081900000, 0x0000000081900000|100%|HC|  |TAMS 0x0000000081800000| PB 0x0000000081800000| Complete |  0
|  25|0x0000000081900000, 0x0000000081a00000, 0x0000000081a00000|100%|HS|  |TAMS 0x0000000081900000| PB 0x0000000081900000| Complete |  0
|  26|0x0000000081a00000, 0x0000000081b00000, 0x0000000081b00000|100%|HS|  |TAMS 0x0000000081a00000| PB 0x0000000081a00000| Complete |  0
|  27|0x0000000081b00000, 0x0000000081c00000, 0x0000000081c00000|100%|HS|  |TAMS 0x0000000081b00000| PB 0x0000000081b00000| Complete |  0
|  28|0x0000000081c00000, 0x0000000081d00000, 0x0000000081d00000|100%|HC|  |TAMS 0x0000000081c00000| PB 0x0000000081c00000| Complete |  0
|  29|0x0000000081d00000, 0x0000000081e00000, 0x0000000081e00000|100%|HC|  |TAMS 0x0000000081d00000| PB 0x0000000081d00000| Complete |  0
|  30|0x0000000081e00000, 0x0000000081f00000, 0x0000000081f00000|100%|HC|  |TAMS 0x0000000081e00000| PB 0x0000000081e00000| Complete |  0
|  31|0x0000000081f00000, 0x0000000082000000, 0x0000000082000000|100%|HC|  |TAMS 0x0000000081f00000| PB 0x0000000081f00000| Complete |  0
|  32|0x0000000082000000, 0x0000000082100000, 0x0000000082100000|100%|HC|  |TAMS 0x0000000082000000| PB 0x0000000082000000| Complete |  0
|  33|0x0000000082100000, 0x0000000082200000, 0x0000000082200000|100%|HS|  |TAMS 0x0000000082100000| PB 0x0000000082100000| Complete |  0
|  34|0x0000000082200000, 0x0000000082300000, 0x0000000082300000|100%| O|  |TAMS 0x0000000082200000| PB 0x0000000082200000| Untracked |  0
|  35|0x0000000082300000, 0x0000000082400000, 0x0000000082400000|100%| O|  |TAMS 0x0000000082300000| PB 0x0000000082300000| Untracked |  0
|  36|0x0000000082400000, 0x0000000082500000, 0x0000000082500000|100%| O|  |TAMS 0x0000000082400000| PB 0x0000000082400000| Untracked |  0
|  37|0x0000000082500000, 0x0000000082600000, 0x0000000082600000|100%| O|  |TAMS 0x0000000082500000| PB 0x0000000082500000| Untracked |  0
|  38|0x0000000082600000, 0x0000000082700000, 0x0000000082700000|100%|HS|  |TAMS 0x0000000082600000| PB 0x0000000082600000| Complete |  0
|  39|0x0000000082700000, 0x0000000082800000, 0x0000000082800000|100%| O|  |TAMS 0x0000000082700000| PB 0x0000000082700000| Untracked |  0
|  40|0x0000000082800000, 0x0000000082900000, 0x0000000082900000|100%| O|  |TAMS 0x0000000082800000| PB 0x0000000082800000| Untracked |  0
|  41|0x0000000082900000, 0x0000000082a00000, 0x0000000082a00000|100%| O|  |TAMS 0x0000000082900000| PB 0x0000000082900000| Untracked |  0
|  42|0x0000000082a00000, 0x0000000082b00000, 0x0000000082b00000|100%| O|  |TAMS 0x0000000082a00000| PB 0x0000000082a00000| Untracked |  0
|  43|0x0000000082b00000, 0x0000000082c00000, 0x0000000082c00000|100%| O|  |TAMS 0x0000000082b00000| PB 0x0000000082b00000| Untracked |  0
|  44|0x0000000082c00000, 0x0000000082d00000, 0x0000000082d00000|100%| O|  |TAMS 0x0000000082c00000| PB 0x0000000082c00000| Untracked |  0
|  45|0x0000000082d00000, 0x0000000082e00000, 0x0000000082e00000|100%| O|  |TAMS 0x0000000082d00000| PB 0x0000000082d00000| Untracked |  0
|  46|0x0000000082e00000, 0x0000000082f00000, 0x0000000082f00000|100%| O|  |TAMS 0x0000000082e00000| PB 0x0000000082e00000| Untracked |  0
|  47|0x0000000082f00000, 0x0000000083000000, 0x0000000083000000|100%| O|  |TAMS 0x0000000082f00000| PB 0x0000000082f00000| Untracked |  0
|  48|0x0000000083000000, 0x0000000083100000, 0x0000000083100000|100%| O|  |TAMS 0x0000000083000000| PB 0x0000000083000000| Untracked |  0
|  49|0x0000000083100000, 0x0000000083200000, 0x0000000083200000|100%| O|  |TAMS 0x0000000083100000| PB 0x0000000083100000| Untracked |  0
|  50|0x0000000083200000, 0x0000000083300000, 0x0000000083300000|100%| O|  |TAMS 0x0000000083200000| PB 0x0000000083200000| Untracked |  0
|  51|0x0000000083300000, 0x0000000083400000, 0x0000000083400000|100%| O|  |TAMS 0x0000000083300000| PB 0x0000000083300000| Untracked |  0
|  52|0x0000000083400000, 0x0000000083500000, 0x0000000083500000|100%| O|  |TAMS 0x0000000083400000| PB 0x0000000083400000| Untracked |  0
|  53|0x0000000083500000, 0x0000000083600000, 0x0000000083600000|100%| O|  |TAMS 0x0000000083500000| PB 0x0000000083500000| Untracked |  0
|  54|0x0000000083600000, 0x0000000083700000, 0x0000000083700000|100%| O|  |TAMS 0x0000000083600000| PB 0x0000000083600000| Untracked |  0
|  55|0x0000000083700000, 0x0000000083800000, 0x0000000083800000|100%| O|  |TAMS 0x0000000083700000| PB 0x0000000083700000| Untracked |  0
|  56|0x0000000083800000, 0x0000000083900000, 0x0000000083900000|100%| O|  |TAMS 0x0000000083800000| PB 0x0000000083800000| Untracked |  0
|  57|0x0000000083900000, 0x0000000083a00000, 0x0000000083a00000|100%| O|  |TAMS 0x0000000083900000| PB 0x0000000083900000| Untracked |  0
|  58|0x0000000083a00000, 0x0000000083b00000, 0x0000000083b00000|100%| O|  |TAMS 0x0000000083a00000| PB 0x0000000083a00000| Untracked |  0
|  59|0x0000000083b00000, 0x0000000083c00000, 0x0000000083c00000|100%| O|  |TAMS 0x0000000083b00000| PB 0x0000000083b00000| Untracked |  0
|  60|0x0000000083c00000, 0x0000000083d00000, 0x0000000083d00000|100%| O|  |TAMS 0x0000000083c00000| PB 0x0000000083c00000| Untracked |  0
|  61|0x0000000083d00000, 0x0000000083e00000, 0x0000000083e00000|100%| O|  |TAMS 0x0000000083d00000| PB 0x0000000083d00000| Untracked |  0
|  62|0x0000000083e00000, 0x0000000083f00000, 0x0000000083f00000|100%| O|  |TAMS 0x0000000083e00000| PB 0x0000000083e00000| Untracked |  0
|  63|0x0000000083f00000, 0x0000000084000000, 0x0000000084000000|100%| O|  |TAMS 0x0000000083f00000| PB 0x0000000083f00000| Untracked |  0
|  64|0x0000000084000000, 0x0000000084100000, 0x0000000084100000|100%| O|  |TAMS 0x0000000084000000| PB 0x0000000084000000| Untracked |  0
|  65|0x0000000084100000, 0x0000000084200000, 0x0000000084200000|100%| O|  |TAMS 0x0000000084100000| PB 0x0000000084100000| Untracked |  0
|  66|0x0000000084200000, 0x0000000084300000, 0x0000000084300000|100%| O|  |TAMS 0x0000000084200000| PB 0x0000000084200000| Untracked |  0
|  67|0x0000000084300000, 0x0000000084400000, 0x0000000084400000|100%| O|  |TAMS 0x0000000084300000| PB 0x0000000084300000| Untracked |  0
|  68|0x0000000084400000, 0x0000000084500000, 0x0000000084500000|100%| O|  |TAMS 0x0000000084400000| PB 0x0000000084400000| Untracked |  0
|  69|0x0000000084500000, 0x0000000084600000, 0x0000000084600000|100%| O|  |TAMS 0x0000000084500000| PB 0x0000000084500000| Untracked |  0
|  70|0x0000000084600000, 0x0000000084700000, 0x0000000084700000|100%| O|Cm|TAMS 0x0000000084600000| PB 0x0000000084600000| Complete |  0
|  71|0x0000000084700000, 0x0000000084800000, 0x0000000084800000|100%| O|  |TAMS 0x0000000084700000| PB 0x0000000084700000| Untracked |  0
|  72|0x0000000084800000, 0x0000000084900000, 0x0000000084900000|100%| O|  |TAMS 0x0000000084800000| PB 0x0000000084800000| Untracked |  0
|  73|0x0000000084900000, 0x0000000084a00000, 0x0000000084a00000|100%| O|  |TAMS 0x0000000084900000| PB 0x0000000084900000| Untracked |  0
|  74|0x0000000084a00000, 0x0000000084b00000, 0x0000000084b00000|100%| O|Cm|TAMS 0x0000000084a00000| PB 0x0000000084a00000| Complete |  0
|  75|0x0000000084b00000, 0x0000000084c00000, 0x0000000084c00000|100%| O|  |TAMS 0x0000000084b00000| PB 0x0000000084b00000| Untracked |  0
|  76|0x0000000084c00000, 0x0000000084d00000, 0x0000000084d00000|100%| O|  |TAMS 0x0000000084c00000| PB 0x0000000084c00000| Untracked |  0
|  77|0x0000000084d00000, 0x0000000084e00000, 0x0000000084e00000|100%| O|  |TAMS 0x0000000084d00000| PB 0x0000000084d00000| Untracked |  0
|  78|0x0000000084e00000, 0x0000000084f00000, 0x0000000084f00000|100%| O|Cm|TAMS 0x0000000084e00000| PB 0x0000000084e00000| Complete |  0
|  79|0x0000000084f00000, 0x0000000085000000, 0x0000000085000000|100%| O|  |TAMS 0x0000000084f00000| PB 0x0000000084f00000| Untracked |  0
|  80|0x0000000085000000, 0x00000000850d82e0, 0x0000000085100000| 84%| O|  |TAMS 0x0000000085000000| PB 0x0000000085000000| Untracked |  0
|  81|0x0000000085100000, 0x0000000085200000, 0x0000000085200000|100%| O|  |TAMS 0x0000000085100000| PB 0x0000000085100000| Untracked |  0
|  82|0x0000000085200000, 0x0000000085300000, 0x0000000085300000|100%| O|  |TAMS 0x0000000085200000| PB 0x0000000085200000| Untracked |  0
|  83|0x0000000085300000, 0x0000000085400000, 0x0000000085400000|100%| O|  |TAMS 0x0000000085300000| PB 0x0000000085300000| Untracked |  0
|  84|0x0000000085400000, 0x0000000085500000, 0x0000000085500000|100%| O|  |TAMS 0x0000000085400000| PB 0x0000000085400000| Untracked |  0
|  85|0x0000000085500000, 0x0000000085600000, 0x0000000085600000|100%| O|  |TAMS 0x0000000085500000| PB 0x0000000085500000| Untracked |  0
|  86|0x0000000085600000, 0x0000000085700000, 0x0000000085700000|100%| O|  |TAMS 0x0000000085600000| PB 0x0000000085600000| Untracked |  0
|  87|0x0000000085700000, 0x0000000085800000, 0x0000000085800000|100%| O|  |TAMS 0x0000000085700000| PB 0x0000000085700000| Untracked |  0
|  88|0x0000000085800000, 0x0000000085900000, 0x0000000085900000|100%| O|  |TAMS 0x0000000085800000| PB 0x0000000085800000| Untracked |  0
|  89|0x0000000085900000, 0x0000000085a00000, 0x0000000085a00000|100%| O|  |TAMS 0x0000000085900000| PB 0x0000000085900000| Untracked |  0
|  90|0x0000000085a00000, 0x0000000085b00000, 0x0000000085b00000|100%| O|  |TAMS 0x0000000085a00000| PB 0x0000000085a00000| Untracked |  0
|  91|0x0000000085b00000, 0x0000000085c00000, 0x0000000085c00000|100%| O|  |TAMS 0x0000000085b00000| PB 0x0000000085b00000| Untracked |  0
|  92|0x0000000085c00000, 0x0000000085d00000, 0x0000000085d00000|100%| O|Cm|TAMS 0x0000000085c00000| PB 0x0000000085c00000| Complete |  0
|  93|0x0000000085d00000, 0x0000000085e00000, 0x0000000085e00000|100%| O|  |TAMS 0x0000000085d00000| PB 0x0000000085d00000| Untracked |  0
|  94|0x0000000085e00000, 0x0000000085f00000, 0x0000000085f00000|100%| O|Cm|TAMS 0x0000000085e00000| PB 0x0000000085e00000| Complete |  0
|  95|0x0000000085f00000, 0x0000000086000000, 0x0000000086000000|100%| O|  |TAMS 0x0000000085f00000| PB 0x0000000085f00000| Untracked |  0
|  96|0x0000000086000000, 0x0000000086100000, 0x0000000086100000|100%| O|Cm|TAMS 0x0000000086000000| PB 0x0000000086000000| Complete |  0
|  97|0x0000000086100000, 0x0000000086200000, 0x0000000086200000|100%|HS|  |TAMS 0x0000000086100000| PB 0x0000000086100000| Complete |  0
|  98|0x0000000086200000, 0x0000000086300000, 0x0000000086300000|100%|HC|  |TAMS 0x0000000086200000| PB 0x0000000086200000| Complete |  0
|  99|0x0000000086300000, 0x0000000086400000, 0x0000000086400000|100%| O|Cm|TAMS 0x0000000086300000| PB 0x0000000086300000| Complete |  0
| 100|0x0000000086400000, 0x0000000086400000, 0x0000000086500000|  0%| F|  |TAMS 0x0000000086400000| PB 0x0000000086400000| Untracked |  0
| 101|0x0000000086500000, 0x0000000086600000, 0x0000000086600000|100%| O|Cm|TAMS 0x0000000086500000| PB 0x0000000086500000| Complete |  0
| 102|0x0000000086600000, 0x0000000086700000, 0x0000000086700000|100%| O|Cm|TAMS 0x0000000086600000| PB 0x0000000086600000| Complete |  0
| 103|0x0000000086700000, 0x0000000086700000, 0x0000000086800000|  0%| F|  |TAMS 0x0000000086700000| PB 0x0000000086700000| Untracked |  0
| 104|0x0000000086800000, 0x0000000086800000, 0x0000000086900000|  0%| F|  |TAMS 0x0000000086800000| PB 0x0000000086800000| Untracked |  0
| 105|0x0000000086900000, 0x0000000086a00000, 0x0000000086a00000|100%| O|Cm|TAMS 0x0000000086900000| PB 0x0000000086900000| Complete |  0
| 106|0x0000000086a00000, 0x0000000086b00000, 0x0000000086b00000|100%| O|Cm|TAMS 0x0000000086a00000| PB 0x0000000086a00000| Complete |  0
| 107|0x0000000086b00000, 0x0000000086b00000, 0x0000000086c00000|  0%| F|  |TAMS 0x0000000086b00000| PB 0x0000000086b00000| Untracked |  0
| 108|0x0000000086c00000, 0x0000000086d00000, 0x0000000086d00000|100%| O|  |TAMS 0x0000000086c00000| PB 0x0000000086c00000| Untracked |  0
| 109|0x0000000086d00000, 0x0000000086d00000, 0x0000000086e00000|  0%| F|  |TAMS 0x0000000086d00000| PB 0x0000000086d00000| Untracked |  0
| 110|0x0000000086e00000, 0x0000000086e00000, 0x0000000086f00000|  0%| F|  |TAMS 0x0000000086e00000| PB 0x0000000086e00000| Untracked |  0
| 111|0x0000000086f00000, 0x0000000087000000, 0x0000000087000000|100%| O|  |TAMS 0x0000000086f00000| PB 0x0000000086f00000| Untracked |  0
| 112|0x0000000087000000, 0x0000000087100000, 0x0000000087100000|100%| O|Cm|TAMS 0x0000000087000000| PB 0x0000000087000000| Complete |  0
| 113|0x0000000087100000, 0x0000000087200000, 0x0000000087200000|100%| O|  |TAMS 0x0000000087100000| PB 0x0000000087100000| Untracked |  0
| 114|0x0000000087200000, 0x0000000087200000, 0x0000000087300000|  0%| F|  |TAMS 0x0000000087200000| PB 0x0000000087200000| Untracked |  0
| 115|0x0000000087300000, 0x0000000087300000, 0x0000000087400000|  0%| F|  |TAMS 0x0000000087300000| PB 0x0000000087300000| Untracked |  0
| 116|0x0000000087400000, 0x0000000087400000, 0x0000000087500000|  0%| F|  |TAMS 0x0000000087400000| PB 0x0000000087400000| Untracked |  0
| 117|0x0000000087500000, 0x0000000087500000, 0x0000000087600000|  0%| F|  |TAMS 0x0000000087500000| PB 0x0000000087500000| Untracked |  0
| 118|0x0000000087600000, 0x0000000087700000, 0x0000000087700000|100%| O|Cm|TAMS 0x0000000087600000| PB 0x0000000087600000| Complete |  0
| 119|0x0000000087700000, 0x0000000087800000, 0x0000000087800000|100%| O|  |TAMS 0x0000000087700000| PB 0x0000000087700000| Untracked |  0
| 120|0x0000000087800000, 0x0000000087800000, 0x0000000087900000|  0%| F|  |TAMS 0x0000000087800000| PB 0x0000000087800000| Untracked |  0
| 121|0x0000000087900000, 0x0000000087a00000, 0x0000000087a00000|100%| O|  |TAMS 0x0000000087900000| PB 0x0000000087900000| Untracked |  0
| 122|0x0000000087a00000, 0x0000000087b00000, 0x0000000087b00000|100%| O|  |TAMS 0x0000000087a00000| PB 0x0000000087a00000| Untracked |  0
| 123|0x0000000087b00000, 0x0000000087b00000, 0x0000000087c00000|  0%| F|  |TAMS 0x0000000087b00000| PB 0x0000000087b00000| Untracked |  0
| 124|0x0000000087c00000, 0x0000000087d00000, 0x0000000087d00000|100%| O|Cm|TAMS 0x0000000087c00000| PB 0x0000000087c00000| Complete |  0
| 125|0x0000000087d00000, 0x0000000087e00000, 0x0000000087e00000|100%| O|  |TAMS 0x0000000087d00000| PB 0x0000000087d00000| Untracked |  0
| 126|0x0000000087e00000, 0x0000000087f00000, 0x0000000087f00000|100%|HS|  |TAMS 0x0000000087e00000| PB 0x0000000087e00000| Complete |  0
| 127|0x0000000087f00000, 0x0000000088000000, 0x0000000088000000|100%|HS|  |TAMS 0x0000000087f00000| PB 0x0000000087f00000| Complete |  0
| 128|0x0000000088000000, 0x0000000088100000, 0x0000000088100000|100%|HC|  |TAMS 0x0000000088000000| PB 0x0000000088000000| Complete |  0
| 129|0x0000000088100000, 0x0000000088200000, 0x0000000088200000|100%|HS|  |TAMS 0x0000000088100000| PB 0x0000000088100000| Complete |  0
| 130|0x0000000088200000, 0x0000000088300000, 0x0000000088300000|100%| O|  |TAMS 0x0000000088200000| PB 0x0000000088200000| Untracked |  0
| 131|0x0000000088300000, 0x0000000088400000, 0x0000000088400000|100%|HS|  |TAMS 0x0000000088300000| PB 0x0000000088300000| Complete |  0
| 132|0x0000000088400000, 0x0000000088500000, 0x0000000088500000|100%|HS|  |TAMS 0x0000000088400000| PB 0x0000000088400000| Complete |  0
| 133|0x0000000088500000, 0x0000000088600000, 0x0000000088600000|100%|HC|  |TAMS 0x0000000088500000| PB 0x0000000088500000| Complete |  0
| 134|0x0000000088600000, 0x0000000088700000, 0x0000000088700000|100%| O|Cm|TAMS 0x0000000088600000| PB 0x0000000088600000| Complete |  0
| 135|0x0000000088700000, 0x0000000088700000, 0x0000000088800000|  0%| F|  |TAMS 0x0000000088700000| PB 0x0000000088700000| Untracked |  0
| 136|0x0000000088800000, 0x0000000088900000, 0x0000000088900000|100%|HS|  |TAMS 0x0000000088800000| PB 0x0000000088800000| Complete |  0
| 137|0x0000000088900000, 0x0000000088a00000, 0x0000000088a00000|100%| O|  |TAMS 0x0000000088900000| PB 0x0000000088900000| Untracked |  0
| 138|0x0000000088a00000, 0x0000000088b00000, 0x0000000088b00000|100%|HS|  |TAMS 0x0000000088a00000| PB 0x0000000088a00000| Complete |  0
| 139|0x0000000088b00000, 0x0000000088c00000, 0x0000000088c00000|100%|HS|  |TAMS 0x0000000088b00000| PB 0x0000000088b00000| Complete |  0
| 140|0x0000000088c00000, 0x0000000088d00000, 0x0000000088d00000|100%|HS|  |TAMS 0x0000000088c00000| PB 0x0000000088c00000| Complete |  0
| 141|0x0000000088d00000, 0x0000000088e00000, 0x0000000088e00000|100%| O|  |TAMS 0x0000000088d00000| PB 0x0000000088d00000| Untracked |  0
| 142|0x0000000088e00000, 0x0000000088f00000, 0x0000000088f00000|100%|HS|  |TAMS 0x0000000088e00000| PB 0x0000000088e00000| Complete |  0
| 143|0x0000000088f00000, 0x0000000089000000, 0x0000000089000000|100%| O|  |TAMS 0x0000000088f00000| PB 0x0000000088f00000| Untracked |  0
| 144|0x0000000089000000, 0x0000000089100000, 0x0000000089100000|100%| O|  |TAMS 0x0000000089000000| PB 0x0000000089000000| Untracked |  0
| 145|0x0000000089100000, 0x0000000089200000, 0x0000000089200000|100%| O|  |TAMS 0x0000000089100000| PB 0x0000000089100000| Untracked |  0
| 146|0x0000000089200000, 0x0000000089300000, 0x0000000089300000|100%| O|  |TAMS 0x0000000089200000| PB 0x0000000089200000| Untracked |  0
| 147|0x0000000089300000, 0x0000000089400000, 0x0000000089400000|100%| O|  |TAMS 0x0000000089300000| PB 0x0000000089300000| Untracked |  0
| 148|0x0000000089400000, 0x0000000089400000, 0x0000000089500000|  0%| F|  |TAMS 0x0000000089400000| PB 0x0000000089400000| Untracked |  0
| 149|0x0000000089500000, 0x0000000089500000, 0x0000000089600000|  0%| F|  |TAMS 0x0000000089500000| PB 0x0000000089500000| Untracked |  0
| 150|0x0000000089600000, 0x0000000089600000, 0x0000000089700000|  0%| F|  |TAMS 0x0000000089600000| PB 0x0000000089600000| Untracked |  0
| 151|0x0000000089700000, 0x0000000089700000, 0x0000000089800000|  0%| F|  |TAMS 0x0000000089700000| PB 0x0000000089700000| Untracked |  0
| 152|0x0000000089800000, 0x0000000089900000, 0x0000000089900000|100%| O|  |TAMS 0x0000000089800000| PB 0x0000000089800000| Untracked |  0
| 153|0x0000000089900000, 0x0000000089a00000, 0x0000000089a00000|100%| O|Cm|TAMS 0x0000000089900000| PB 0x0000000089900000| Complete |  0
| 154|0x0000000089a00000, 0x0000000089a00000, 0x0000000089b00000|  0%| F|  |TAMS 0x0000000089a00000| PB 0x0000000089a00000| Untracked |  0
| 155|0x0000000089b00000, 0x0000000089b00000, 0x0000000089c00000|  0%| F|  |TAMS 0x0000000089b00000| PB 0x0000000089b00000| Untracked |  0
| 156|0x0000000089c00000, 0x0000000089c00000, 0x0000000089d00000|  0%| F|  |TAMS 0x0000000089c00000| PB 0x0000000089c00000| Untracked |  0
| 157|0x0000000089d00000, 0x0000000089d00000, 0x0000000089e00000|  0%| F|  |TAMS 0x0000000089d00000| PB 0x0000000089d00000| Untracked |  0
| 158|0x0000000089e00000, 0x0000000089e00000, 0x0000000089f00000|  0%| F|  |TAMS 0x0000000089e00000| PB 0x0000000089e00000| Untracked |  0
| 159|0x0000000089f00000, 0x0000000089f00000, 0x000000008a000000|  0%| F|  |TAMS 0x0000000089f00000| PB 0x0000000089f00000| Untracked |  0
| 160|0x000000008a000000, 0x000000008a000000, 0x000000008a100000|  0%| F|  |TAMS 0x000000008a000000| PB 0x000000008a000000| Untracked |  0
| 161|0x000000008a100000, 0x000000008a200000, 0x000000008a200000|100%|HS|  |TAMS 0x000000008a100000| PB 0x000000008a100000| Complete |  0
| 162|0x000000008a200000, 0x000000008a200000, 0x000000008a300000|  0%| F|  |TAMS 0x000000008a200000| PB 0x000000008a200000| Untracked |  0
| 163|0x000000008a300000, 0x000000008a300000, 0x000000008a400000|  0%| F|  |TAMS 0x000000008a300000| PB 0x000000008a300000| Untracked |  0
| 164|0x000000008a400000, 0x000000008a500000, 0x000000008a500000|100%| O|  |TAMS 0x000000008a400000| PB 0x000000008a400000| Untracked |  0
| 165|0x000000008a500000, 0x000000008a600000, 0x000000008a600000|100%| O|Cm|TAMS 0x000000008a500000| PB 0x000000008a500000| Complete |  0
| 166|0x000000008a600000, 0x000000008a600000, 0x000000008a700000|  0%| F|  |TAMS 0x000000008a600000| PB 0x000000008a600000| Untracked |  0
| 167|0x000000008a700000, 0x000000008a700000, 0x000000008a800000|  0%| F|  |TAMS 0x000000008a700000| PB 0x000000008a700000| Untracked |  0
| 168|0x000000008a800000, 0x000000008a800000, 0x000000008a900000|  0%| F|  |TAMS 0x000000008a800000| PB 0x000000008a800000| Untracked |  0
| 169|0x000000008a900000, 0x000000008aa00000, 0x000000008aa00000|100%| O|  |TAMS 0x000000008a900000| PB 0x000000008a900000| Untracked |  0
| 170|0x000000008aa00000, 0x000000008ab00000, 0x000000008ab00000|100%| O|  |TAMS 0x000000008aa00000| PB 0x000000008aa00000| Untracked |  0
| 171|0x000000008ab00000, 0x000000008ac00000, 0x000000008ac00000|100%| O|Cm|TAMS 0x000000008ab00000| PB 0x000000008ab00000| Complete |  0
| 172|0x000000008ac00000, 0x000000008ad00000, 0x000000008ad00000|100%| O|Cm|TAMS 0x000000008ac00000| PB 0x000000008ac00000| Complete |  0
| 173|0x000000008ad00000, 0x000000008ad00000, 0x000000008ae00000|  0%| F|  |TAMS 0x000000008ad00000| PB 0x000000008ad00000| Untracked |  0
| 174|0x000000008ae00000, 0x000000008af00000, 0x000000008af00000|100%| O|  |TAMS 0x000000008ae00000| PB 0x000000008ae00000| Untracked |  0
| 175|0x000000008af00000, 0x000000008b000000, 0x000000008b000000|100%| O|  |TAMS 0x000000008af00000| PB 0x000000008af00000| Untracked |  0
| 176|0x000000008b000000, 0x000000008b100000, 0x000000008b100000|100%| O|  |TAMS 0x000000008b000000| PB 0x000000008b000000| Untracked |  0
| 177|0x000000008b100000, 0x000000008b200000, 0x000000008b200000|100%| O|  |TAMS 0x000000008b100000| PB 0x000000008b100000| Untracked |  0
| 178|0x000000008b200000, 0x000000008b300000, 0x000000008b300000|100%| O|Cm|TAMS 0x000000008b200000| PB 0x000000008b200000| Complete |  0
| 179|0x000000008b300000, 0x000000008b400000, 0x000000008b400000|100%| O|  |TAMS 0x000000008b300000| PB 0x000000008b300000| Untracked |  0
| 180|0x000000008b400000, 0x000000008b500000, 0x000000008b500000|100%| O|Cm|TAMS 0x000000008b400000| PB 0x000000008b400000| Complete |  0
| 181|0x000000008b500000, 0x000000008b600000, 0x000000008b600000|100%| O|Cm|TAMS 0x000000008b500000| PB 0x000000008b500000| Complete |  0
| 182|0x000000008b600000, 0x000000008b700000, 0x000000008b700000|100%| O|Cm|TAMS 0x000000008b600000| PB 0x000000008b600000| Complete |  0
| 183|0x000000008b700000, 0x000000008b700000, 0x000000008b800000|  0%| F|  |TAMS 0x000000008b700000| PB 0x000000008b700000| Untracked |  0
| 184|0x000000008b800000, 0x000000008b800000, 0x000000008b900000|  0%| F|  |TAMS 0x000000008b800000| PB 0x000000008b800000| Untracked |  0
| 185|0x000000008b900000, 0x000000008b900000, 0x000000008ba00000|  0%| F|  |TAMS 0x000000008b900000| PB 0x000000008b900000| Untracked |  0
| 186|0x000000008ba00000, 0x000000008bb00000, 0x000000008bb00000|100%| O|Cm|TAMS 0x000000008ba00000| PB 0x000000008ba00000| Complete |  0
| 187|0x000000008bb00000, 0x000000008bc00000, 0x000000008bc00000|100%| O|Cm|TAMS 0x000000008bb00000| PB 0x000000008bb00000| Complete |  0
| 188|0x000000008bc00000, 0x000000008bd00000, 0x000000008bd00000|100%| O|  |TAMS 0x000000008bc00000| PB 0x000000008bc00000| Untracked |  0
| 189|0x000000008bd00000, 0x000000008bd00000, 0x000000008be00000|  0%| F|  |TAMS 0x000000008bd00000| PB 0x000000008bd00000| Untracked |  0
| 190|0x000000008be00000, 0x000000008be00000, 0x000000008bf00000|  0%| F|  |TAMS 0x000000008be00000| PB 0x000000008be00000| Untracked |  0
| 191|0x000000008bf00000, 0x000000008c000000, 0x000000008c000000|100%| O|  |TAMS 0x000000008bf00000| PB 0x000000008bf00000| Untracked |  0
| 192|0x000000008c000000, 0x000000008c100000, 0x000000008c100000|100%| O|  |TAMS 0x000000008c000000| PB 0x000000008c000000| Untracked |  0
| 193|0x000000008c100000, 0x000000008c200000, 0x000000008c200000|100%| O|  |TAMS 0x000000008c100000| PB 0x000000008c100000| Untracked |  0
| 194|0x000000008c200000, 0x000000008c300000, 0x000000008c300000|100%| O|  |TAMS 0x000000008c200000| PB 0x000000008c200000| Untracked |  0
| 195|0x000000008c300000, 0x000000008c400000, 0x000000008c400000|100%| O|  |TAMS 0x000000008c300000| PB 0x000000008c300000| Untracked |  0
| 196|0x000000008c400000, 0x000000008c500000, 0x000000008c500000|100%| O|  |TAMS 0x000000008c400000| PB 0x000000008c400000| Untracked |  0
| 197|0x000000008c500000, 0x000000008c600000, 0x000000008c600000|100%| O|  |TAMS 0x000000008c500000| PB 0x000000008c500000| Untracked |  0
| 198|0x000000008c600000, 0x000000008c700000, 0x000000008c700000|100%| O|  |TAMS 0x000000008c600000| PB 0x000000008c600000| Untracked |  0
| 199|0x000000008c700000, 0x000000008c800000, 0x000000008c800000|100%| O|  |TAMS 0x000000008c700000| PB 0x000000008c700000| Untracked |  0
| 200|0x000000008c800000, 0x000000008c900000, 0x000000008c900000|100%| O|  |TAMS 0x000000008c800000| PB 0x000000008c800000| Untracked |  0
| 201|0x000000008c900000, 0x000000008ca00000, 0x000000008ca00000|100%| O|  |TAMS 0x000000008c900000| PB 0x000000008c900000| Untracked |  0
| 202|0x000000008ca00000, 0x000000008cb00000, 0x000000008cb00000|100%| O|  |TAMS 0x000000008ca00000| PB 0x000000008ca00000| Untracked |  0
| 203|0x000000008cb00000, 0x000000008cc00000, 0x000000008cc00000|100%| O|  |TAMS 0x000000008cb00000| PB 0x000000008cb00000| Untracked |  0
| 204|0x000000008cc00000, 0x000000008cd00000, 0x000000008cd00000|100%| O|  |TAMS 0x000000008cc00000| PB 0x000000008cc00000| Untracked |  0
| 205|0x000000008cd00000, 0x000000008ce00000, 0x000000008ce00000|100%| O|  |TAMS 0x000000008cd00000| PB 0x000000008cd00000| Untracked |  0
| 206|0x000000008ce00000, 0x000000008cf00000, 0x000000008cf00000|100%| O|  |TAMS 0x000000008ce00000| PB 0x000000008ce00000| Untracked |  0
| 207|0x000000008cf00000, 0x000000008d000000, 0x000000008d000000|100%| O|  |TAMS 0x000000008cf00000| PB 0x000000008cf00000| Untracked |  0
| 208|0x000000008d000000, 0x000000008d000000, 0x000000008d100000|  0%| F|  |TAMS 0x000000008d000000| PB 0x000000008d000000| Untracked |  0
| 209|0x000000008d100000, 0x000000008d100000, 0x000000008d200000|  0%| F|  |TAMS 0x000000008d100000| PB 0x000000008d100000| Untracked |  0
| 210|0x000000008d200000, 0x000000008d200000, 0x000000008d300000|  0%| F|  |TAMS 0x000000008d200000| PB 0x000000008d200000| Untracked |  0
| 211|0x000000008d300000, 0x000000008d300000, 0x000000008d400000|  0%| F|  |TAMS 0x000000008d300000| PB 0x000000008d300000| Untracked |  0
| 212|0x000000008d400000, 0x000000008d400000, 0x000000008d500000|  0%| F|  |TAMS 0x000000008d400000| PB 0x000000008d400000| Untracked |  0
| 213|0x000000008d500000, 0x000000008d500000, 0x000000008d600000|  0%| F|  |TAMS 0x000000008d500000| PB 0x000000008d500000| Untracked |  0
| 214|0x000000008d600000, 0x000000008d600000, 0x000000008d700000|  0%| F|  |TAMS 0x000000008d600000| PB 0x000000008d600000| Untracked |  0
| 215|0x000000008d700000, 0x000000008d700000, 0x000000008d800000|  0%| F|  |TAMS 0x000000008d700000| PB 0x000000008d700000| Untracked |  0
| 216|0x000000008d800000, 0x000000008d800000, 0x000000008d900000|  0%| F|  |TAMS 0x000000008d800000| PB 0x000000008d800000| Untracked |  0
| 217|0x000000008d900000, 0x000000008d900000, 0x000000008da00000|  0%| F|  |TAMS 0x000000008d900000| PB 0x000000008d900000| Untracked |  0
| 218|0x000000008da00000, 0x000000008da00000, 0x000000008db00000|  0%| F|  |TAMS 0x000000008da00000| PB 0x000000008da00000| Untracked |  0
| 219|0x000000008db00000, 0x000000008db00000, 0x000000008dc00000|  0%| F|  |TAMS 0x000000008db00000| PB 0x000000008db00000| Untracked |  0
| 220|0x000000008dc00000, 0x000000008dc00000, 0x000000008dd00000|  0%| F|  |TAMS 0x000000008dc00000| PB 0x000000008dc00000| Untracked |  0
| 221|0x000000008dd00000, 0x000000008dd76000, 0x000000008de00000| 46%| S|CS|TAMS 0x000000008dd00000| PB 0x000000008dd00000| Complete |  0
| 222|0x000000008de00000, 0x000000008de00000, 0x000000008df00000|  0%| F|  |TAMS 0x000000008de00000| PB 0x000000008de00000| Untracked |  0
| 223|0x000000008df00000, 0x000000008df00000, 0x000000008e000000|  0%| F|  |TAMS 0x000000008df00000| PB 0x000000008df00000| Untracked |  0
| 224|0x000000008e000000, 0x000000008e000000, 0x000000008e100000|  0%| F|  |TAMS 0x000000008e000000| PB 0x000000008e000000| Untracked |  0
| 225|0x000000008e100000, 0x000000008e100000, 0x000000008e200000|  0%| F|  |TAMS 0x000000008e100000| PB 0x000000008e100000| Untracked |  0
| 226|0x000000008e200000, 0x000000008e200000, 0x000000008e300000|  0%| F|  |TAMS 0x000000008e200000| PB 0x000000008e200000| Untracked |  0
| 227|0x000000008e300000, 0x000000008e300000, 0x000000008e400000|  0%| F|  |TAMS 0x000000008e300000| PB 0x000000008e300000| Untracked |  0
| 228|0x000000008e400000, 0x000000008e400000, 0x000000008e500000|  0%| F|  |TAMS 0x000000008e400000| PB 0x000000008e400000| Untracked |  0
| 229|0x000000008e500000, 0x000000008e500000, 0x000000008e600000|  0%| F|  |TAMS 0x000000008e500000| PB 0x000000008e500000| Untracked |  0
| 230|0x000000008e600000, 0x000000008e600000, 0x000000008e700000|  0%| F|  |TAMS 0x000000008e600000| PB 0x000000008e600000| Untracked |  0
| 231|0x000000008e700000, 0x000000008e700000, 0x000000008e800000|  0%| F|  |TAMS 0x000000008e700000| PB 0x000000008e700000| Untracked |  0
| 232|0x000000008e800000, 0x000000008e900000, 0x000000008e900000|100%| S|CS|TAMS 0x000000008e800000| PB 0x000000008e800000| Complete |  0
| 233|0x000000008e900000, 0x000000008ea00000, 0x000000008ea00000|100%| S|CS|TAMS 0x000000008e900000| PB 0x000000008e900000| Complete |  0
| 234|0x000000008ea00000, 0x000000008eb00000, 0x000000008eb00000|100%| S|CS|TAMS 0x000000008ea00000| PB 0x000000008ea00000| Complete |  0
| 235|0x000000008eb00000, 0x000000008ec00000, 0x000000008ec00000|100%| S|CS|TAMS 0x000000008eb00000| PB 0x000000008eb00000| Complete |  0
| 236|0x000000008ec00000, 0x000000008ed00000, 0x000000008ed00000|100%| S|CS|TAMS 0x000000008ec00000| PB 0x000000008ec00000| Complete |  0
| 237|0x000000008ed00000, 0x000000008ee00000, 0x000000008ee00000|100%| S|CS|TAMS 0x000000008ed00000| PB 0x000000008ed00000| Complete |  0
| 238|0x000000008ee00000, 0x000000008ee00000, 0x000000008ef00000|  0%| F|  |TAMS 0x000000008ee00000| PB 0x000000008ee00000| Untracked |  0
| 239|0x000000008ef00000, 0x000000008ef00000, 0x000000008f000000|  0%| F|  |TAMS 0x000000008ef00000| PB 0x000000008ef00000| Untracked |  0
| 240|0x000000008f000000, 0x000000008f000000, 0x000000008f100000|  0%| F|  |TAMS 0x000000008f000000| PB 0x000000008f000000| Untracked |  0
| 241|0x000000008f100000, 0x000000008f100000, 0x000000008f200000|  0%| F|  |TAMS 0x000000008f100000| PB 0x000000008f100000| Untracked |  0
| 242|0x000000008f200000, 0x000000008f200000, 0x000000008f300000|  0%| F|  |TAMS 0x000000008f200000| PB 0x000000008f200000| Untracked |  0
| 243|0x000000008f300000, 0x000000008f300000, 0x000000008f400000|  0%| F|  |TAMS 0x000000008f300000| PB 0x000000008f300000| Untracked |  0
| 244|0x000000008f400000, 0x000000008f400000, 0x000000008f500000|  0%| F|  |TAMS 0x000000008f400000| PB 0x000000008f400000| Untracked |  0
| 245|0x000000008f500000, 0x000000008f500000, 0x000000008f600000|  0%| F|  |TAMS 0x000000008f500000| PB 0x000000008f500000| Untracked |  0
| 246|0x000000008f600000, 0x000000008f600000, 0x000000008f700000|  0%| F|  |TAMS 0x000000008f600000| PB 0x000000008f600000| Untracked |  0
| 247|0x000000008f700000, 0x000000008f700000, 0x000000008f800000|  0%| F|  |TAMS 0x000000008f700000| PB 0x000000008f700000| Untracked |  0
| 248|0x000000008f800000, 0x000000008f800000, 0x000000008f900000|  0%| F|  |TAMS 0x000000008f800000| PB 0x000000008f800000| Untracked |  0
| 249|0x000000008f900000, 0x000000008f900000, 0x000000008fa00000|  0%| F|  |TAMS 0x000000008f900000| PB 0x000000008f900000| Untracked |  0
| 250|0x000000008fa00000, 0x000000008fa00000, 0x000000008fb00000|  0%| F|  |TAMS 0x000000008fa00000| PB 0x000000008fa00000| Untracked |  0
| 251|0x000000008fb00000, 0x000000008fb00000, 0x000000008fc00000|  0%| F|  |TAMS 0x000000008fb00000| PB 0x000000008fb00000| Untracked |  0
| 252|0x000000008fc00000, 0x000000008fc00000, 0x000000008fd00000|  0%| F|  |TAMS 0x000000008fc00000| PB 0x000000008fc00000| Untracked |  0
| 253|0x000000008fd00000, 0x000000008fd00000, 0x000000008fe00000|  0%| F|  |TAMS 0x000000008fd00000| PB 0x000000008fd00000| Untracked |  0
| 254|0x000000008fe00000, 0x000000008fe00000, 0x000000008ff00000|  0%| F|  |TAMS 0x000000008fe00000| PB 0x000000008fe00000| Untracked |  0
| 255|0x000000008ff00000, 0x000000008ff00000, 0x0000000090000000|  0%| F|  |TAMS 0x000000008ff00000| PB 0x000000008ff00000| Untracked |  0
| 256|0x0000000090000000, 0x0000000090000000, 0x0000000090100000|  0%| F|  |TAMS 0x0000000090000000| PB 0x0000000090000000| Untracked |  0
| 257|0x0000000090100000, 0x0000000090100000, 0x0000000090200000|  0%| F|  |TAMS 0x0000000090100000| PB 0x0000000090100000| Untracked |  0
| 258|0x0000000090200000, 0x0000000090200000, 0x0000000090300000|  0%| F|  |TAMS 0x0000000090200000| PB 0x0000000090200000| Untracked |  0
| 259|0x0000000090300000, 0x0000000090300000, 0x0000000090400000|  0%| F|  |TAMS 0x0000000090300000| PB 0x0000000090300000| Untracked |  0
| 260|0x0000000090400000, 0x0000000090400000, 0x0000000090500000|  0%| F|  |TAMS 0x0000000090400000| PB 0x0000000090400000| Untracked |  0
| 261|0x0000000090500000, 0x0000000090500000, 0x0000000090600000|  0%| F|  |TAMS 0x0000000090500000| PB 0x0000000090500000| Untracked |  0
| 262|0x0000000090600000, 0x0000000090600000, 0x0000000090700000|  0%| F|  |TAMS 0x0000000090600000| PB 0x0000000090600000| Untracked |  0
| 263|0x0000000090700000, 0x0000000090700000, 0x0000000090800000|  0%| F|  |TAMS 0x0000000090700000| PB 0x0000000090700000| Untracked |  0
| 264|0x0000000090800000, 0x0000000090800000, 0x0000000090900000|  0%| F|  |TAMS 0x0000000090800000| PB 0x0000000090800000| Untracked |  0
| 265|0x0000000090900000, 0x0000000090900000, 0x0000000090a00000|  0%| F|  |TAMS 0x0000000090900000| PB 0x0000000090900000| Untracked |  0
| 266|0x0000000090a00000, 0x0000000090a00000, 0x0000000090b00000|  0%| F|  |TAMS 0x0000000090a00000| PB 0x0000000090a00000| Untracked |  0
| 267|0x0000000090b00000, 0x0000000090b00000, 0x0000000090c00000|  0%| F|  |TAMS 0x0000000090b00000| PB 0x0000000090b00000| Untracked |  0
| 268|0x0000000090c00000, 0x0000000090c00000, 0x0000000090d00000|  0%| F|  |TAMS 0x0000000090c00000| PB 0x0000000090c00000| Untracked |  0
| 269|0x0000000090d00000, 0x0000000090d00000, 0x0000000090e00000|  0%| F|  |TAMS 0x0000000090d00000| PB 0x0000000090d00000| Untracked |  0
| 270|0x0000000090e00000, 0x0000000090e00000, 0x0000000090f00000|  0%| F|  |TAMS 0x0000000090e00000| PB 0x0000000090e00000| Untracked |  0
| 271|0x0000000090f00000, 0x0000000090f00000, 0x0000000091000000|  0%| F|  |TAMS 0x0000000090f00000| PB 0x0000000090f00000| Untracked |  0
| 272|0x0000000091000000, 0x0000000091000000, 0x0000000091100000|  0%| F|  |TAMS 0x0000000091000000| PB 0x0000000091000000| Untracked |  0
| 273|0x0000000091100000, 0x0000000091100000, 0x0000000091200000|  0%| F|  |TAMS 0x0000000091100000| PB 0x0000000091100000| Untracked |  0
| 274|0x0000000091200000, 0x0000000091200000, 0x0000000091300000|  0%| F|  |TAMS 0x0000000091200000| PB 0x0000000091200000| Untracked |  0
| 275|0x0000000091300000, 0x0000000091300000, 0x0000000091400000|  0%| F|  |TAMS 0x0000000091300000| PB 0x0000000091300000| Untracked |  0
| 276|0x0000000091400000, 0x0000000091400000, 0x0000000091500000|  0%| F|  |TAMS 0x0000000091400000| PB 0x0000000091400000| Untracked |  0
| 277|0x0000000091500000, 0x0000000091500000, 0x0000000091600000|  0%| F|  |TAMS 0x0000000091500000| PB 0x0000000091500000| Untracked |  0
| 278|0x0000000091600000, 0x0000000091600000, 0x0000000091700000|  0%| F|  |TAMS 0x0000000091600000| PB 0x0000000091600000| Untracked |  0
| 279|0x0000000091700000, 0x0000000091700000, 0x0000000091800000|  0%| F|  |TAMS 0x0000000091700000| PB 0x0000000091700000| Untracked |  0
| 280|0x0000000091800000, 0x0000000091800000, 0x0000000091900000|  0%| F|  |TAMS 0x0000000091800000| PB 0x0000000091800000| Untracked |  0
| 281|0x0000000091900000, 0x0000000091900000, 0x0000000091a00000|  0%| F|  |TAMS 0x0000000091900000| PB 0x0000000091900000| Untracked |  0
| 282|0x0000000091a00000, 0x0000000091a00000, 0x0000000091b00000|  0%| F|  |TAMS 0x0000000091a00000| PB 0x0000000091a00000| Untracked |  0
| 283|0x0000000091b00000, 0x0000000091b00000, 0x0000000091c00000|  0%| F|  |TAMS 0x0000000091b00000| PB 0x0000000091b00000| Untracked |  0
| 284|0x0000000091c00000, 0x0000000091c00000, 0x0000000091d00000|  0%| F|  |TAMS 0x0000000091c00000| PB 0x0000000091c00000| Untracked |  0
| 285|0x0000000091d00000, 0x0000000091d00000, 0x0000000091e00000|  0%| F|  |TAMS 0x0000000091d00000| PB 0x0000000091d00000| Untracked |  0
| 286|0x0000000091e00000, 0x0000000091e00000, 0x0000000091f00000|  0%| F|  |TAMS 0x0000000091e00000| PB 0x0000000091e00000| Untracked |  0
| 287|0x0000000091f00000, 0x0000000091f00000, 0x0000000092000000|  0%| F|  |TAMS 0x0000000091f00000| PB 0x0000000091f00000| Untracked |  0
| 288|0x0000000092000000, 0x0000000092000000, 0x0000000092100000|  0%| F|  |TAMS 0x0000000092000000| PB 0x0000000092000000| Untracked |  0
| 289|0x0000000092100000, 0x0000000092100000, 0x0000000092200000|  0%| F|  |TAMS 0x0000000092100000| PB 0x0000000092100000| Untracked |  0
| 290|0x0000000092200000, 0x0000000092200000, 0x0000000092300000|  0%| F|  |TAMS 0x0000000092200000| PB 0x0000000092200000| Untracked |  0
| 291|0x0000000092300000, 0x0000000092300000, 0x0000000092400000|  0%| F|  |TAMS 0x0000000092300000| PB 0x0000000092300000| Untracked |  0
| 292|0x0000000092400000, 0x0000000092400000, 0x0000000092500000|  0%| F|  |TAMS 0x0000000092400000| PB 0x0000000092400000| Untracked |  0
| 293|0x0000000092500000, 0x0000000092500000, 0x0000000092600000|  0%| F|  |TAMS 0x0000000092500000| PB 0x0000000092500000| Untracked |  0
| 294|0x0000000092600000, 0x0000000092600000, 0x0000000092700000|  0%| F|  |TAMS 0x0000000092600000| PB 0x0000000092600000| Untracked |  0
| 295|0x0000000092700000, 0x0000000092700000, 0x0000000092800000|  0%| F|  |TAMS 0x0000000092700000| PB 0x0000000092700000| Untracked |  0
| 296|0x0000000092800000, 0x0000000092800000, 0x0000000092900000|  0%| F|  |TAMS 0x0000000092800000| PB 0x0000000092800000| Untracked |  0
| 297|0x0000000092900000, 0x0000000092900000, 0x0000000092a00000|  0%| F|  |TAMS 0x0000000092900000| PB 0x0000000092900000| Untracked |  0
| 298|0x0000000092a00000, 0x0000000092a00000, 0x0000000092b00000|  0%| F|  |TAMS 0x0000000092a00000| PB 0x0000000092a00000| Untracked |  0
| 299|0x0000000092b00000, 0x0000000092b00000, 0x0000000092c00000|  0%| F|  |TAMS 0x0000000092b00000| PB 0x0000000092b00000| Untracked |  0
| 300|0x0000000092c00000, 0x0000000092d00000, 0x0000000092d00000|100%| E|  |TAMS 0x0000000092c00000| PB 0x0000000092c00000| Complete |  1
| 301|0x0000000092d00000, 0x0000000092e00000, 0x0000000092e00000|100%| E|CS|TAMS 0x0000000092d00000| PB 0x0000000092d00000| Complete |  0
| 302|0x0000000092e00000, 0x0000000092f00000, 0x0000000092f00000|100%| E|CS|TAMS 0x0000000092e00000| PB 0x0000000092e00000| Complete |  0
| 303|0x0000000092f00000, 0x0000000093000000, 0x0000000093000000|100%| E|CS|TAMS 0x0000000092f00000| PB 0x0000000092f00000| Complete |  0
| 304|0x0000000093000000, 0x0000000093100000, 0x0000000093100000|100%| E|CS|TAMS 0x0000000093000000| PB 0x0000000093000000| Complete |  0
| 305|0x0000000093100000, 0x0000000093200000, 0x0000000093200000|100%| E|CS|TAMS 0x0000000093100000| PB 0x0000000093100000| Complete |  0
| 306|0x0000000093200000, 0x0000000093300000, 0x0000000093300000|100%| E|CS|TAMS 0x0000000093200000| PB 0x0000000093200000| Complete |  0
| 307|0x0000000093300000, 0x0000000093400000, 0x0000000093400000|100%| E|CS|TAMS 0x0000000093300000| PB 0x0000000093300000| Complete |  0
| 308|0x0000000093400000, 0x0000000093500000, 0x0000000093500000|100%| E|CS|TAMS 0x0000000093400000| PB 0x0000000093400000| Complete |  0
| 309|0x0000000093500000, 0x0000000093600000, 0x0000000093600000|100%| E|CS|TAMS 0x0000000093500000| PB 0x0000000093500000| Complete |  0
| 310|0x0000000093600000, 0x0000000093700000, 0x0000000093700000|100%| E|CS|TAMS 0x0000000093600000| PB 0x0000000093600000| Complete |  0
| 311|0x0000000093700000, 0x0000000093800000, 0x0000000093800000|100%| E|CS|TAMS 0x0000000093700000| PB 0x0000000093700000| Complete |  0
| 312|0x0000000093800000, 0x0000000093900000, 0x0000000093900000|100%| E|CS|TAMS 0x0000000093800000| PB 0x0000000093800000| Complete |  0
| 313|0x0000000093900000, 0x0000000093a00000, 0x0000000093a00000|100%| E|CS|TAMS 0x0000000093900000| PB 0x0000000093900000| Complete |  0
| 314|0x0000000093a00000, 0x0000000093b00000, 0x0000000093b00000|100%| E|CS|TAMS 0x0000000093a00000| PB 0x0000000093a00000| Complete |  0
| 315|0x0000000093b00000, 0x0000000093c00000, 0x0000000093c00000|100%| E|CS|TAMS 0x0000000093b00000| PB 0x0000000093b00000| Complete |  0
| 316|0x0000000093c00000, 0x0000000093d00000, 0x0000000093d00000|100%| E|CS|TAMS 0x0000000093c00000| PB 0x0000000093c00000| Complete |  0
| 317|0x0000000093d00000, 0x0000000093e00000, 0x0000000093e00000|100%| E|CS|TAMS 0x0000000093d00000| PB 0x0000000093d00000| Complete |  0
| 318|0x0000000093e00000, 0x0000000093f00000, 0x0000000093f00000|100%| E|CS|TAMS 0x0000000093e00000| PB 0x0000000093e00000| Complete |  0
| 319|0x0000000093f00000, 0x0000000094000000, 0x0000000094000000|100%| E|CS|TAMS 0x0000000093f00000| PB 0x0000000093f00000| Complete |  0
| 320|0x0000000094000000, 0x0000000094100000, 0x0000000094100000|100%| E|CS|TAMS 0x0000000094000000| PB 0x0000000094000000| Complete |  0
| 321|0x0000000094100000, 0x0000000094200000, 0x0000000094200000|100%| E|CS|TAMS 0x0000000094100000| PB 0x0000000094100000| Complete |  0
| 322|0x0000000094200000, 0x0000000094300000, 0x0000000094300000|100%| E|CS|TAMS 0x0000000094200000| PB 0x0000000094200000| Complete |  0
| 323|0x0000000094300000, 0x0000000094400000, 0x0000000094400000|100%| E|CS|TAMS 0x0000000094300000| PB 0x0000000094300000| Complete |  0
| 324|0x0000000094400000, 0x0000000094500000, 0x0000000094500000|100%| E|CS|TAMS 0x0000000094400000| PB 0x0000000094400000| Complete |  0
| 325|0x0000000094500000, 0x0000000094600000, 0x0000000094600000|100%| E|CS|TAMS 0x0000000094500000| PB 0x0000000094500000| Complete |  0
| 326|0x0000000094600000, 0x0000000094700000, 0x0000000094700000|100%| E|CS|TAMS 0x0000000094600000| PB 0x0000000094600000| Complete |  0
| 327|0x0000000094700000, 0x0000000094800000, 0x0000000094800000|100%| E|CS|TAMS 0x0000000094700000| PB 0x0000000094700000| Complete |  0
| 328|0x0000000094800000, 0x0000000094900000, 0x0000000094900000|100%| E|CS|TAMS 0x0000000094800000| PB 0x0000000094800000| Complete |  0
| 329|0x0000000094900000, 0x0000000094a00000, 0x0000000094a00000|100%| E|CS|TAMS 0x0000000094900000| PB 0x0000000094900000| Complete |  0
| 330|0x0000000094a00000, 0x0000000094b00000, 0x0000000094b00000|100%| E|CS|TAMS 0x0000000094a00000| PB 0x0000000094a00000| Complete |  0
| 331|0x0000000094b00000, 0x0000000094c00000, 0x0000000094c00000|100%| E|CS|TAMS 0x0000000094b00000| PB 0x0000000094b00000| Complete |  0
| 332|0x0000000094c00000, 0x0000000094d00000, 0x0000000094d00000|100%| E|CS|TAMS 0x0000000094c00000| PB 0x0000000094c00000| Complete |  0
| 333|0x0000000094d00000, 0x0000000094e00000, 0x0000000094e00000|100%| E|CS|TAMS 0x0000000094d00000| PB 0x0000000094d00000| Complete |  0
| 334|0x0000000094e00000, 0x0000000094f00000, 0x0000000094f00000|100%| E|CS|TAMS 0x0000000094e00000| PB 0x0000000094e00000| Complete |  0
| 335|0x0000000094f00000, 0x0000000095000000, 0x0000000095000000|100%| E|CS|TAMS 0x0000000094f00000| PB 0x0000000094f00000| Complete |  0
| 336|0x0000000095000000, 0x0000000095100000, 0x0000000095100000|100%| E|CS|TAMS 0x0000000095000000| PB 0x0000000095000000| Complete |  0
| 337|0x0000000095100000, 0x0000000095200000, 0x0000000095200000|100%| E|CS|TAMS 0x0000000095100000| PB 0x0000000095100000| Complete |  0
| 338|0x0000000095200000, 0x0000000095300000, 0x0000000095300000|100%| E|CS|TAMS 0x0000000095200000| PB 0x0000000095200000| Complete |  0
| 339|0x0000000095300000, 0x0000000095400000, 0x0000000095400000|100%| E|CS|TAMS 0x0000000095300000| PB 0x0000000095300000| Complete |  0
| 340|0x0000000095400000, 0x0000000095500000, 0x0000000095500000|100%| E|CS|TAMS 0x0000000095400000| PB 0x0000000095400000| Complete |  0
| 341|0x0000000095500000, 0x0000000095600000, 0x0000000095600000|100%| E|CS|TAMS 0x0000000095500000| PB 0x0000000095500000| Complete |  0
|2035|0x00000000ff300000, 0x00000000ff400000, 0x00000000ff400000|100%| E|CS|TAMS 0x00000000ff300000| PB 0x00000000ff300000| Complete |  0
|2036|0x00000000ff400000, 0x00000000ff500000, 0x00000000ff500000|100%| E|CS|TAMS 0x00000000ff400000| PB 0x00000000ff400000| Complete |  0
|2037|0x00000000ff500000, 0x00000000ff600000, 0x00000000ff600000|100%| E|CS|TAMS 0x00000000ff500000| PB 0x00000000ff500000| Complete |  0
|2038|0x00000000ff600000, 0x00000000ff700000, 0x00000000ff700000|100%| E|CS|TAMS 0x00000000ff600000| PB 0x00000000ff600000| Complete |  0
|2039|0x00000000ff700000, 0x00000000ff800000, 0x00000000ff800000|100%| E|CS|TAMS 0x00000000ff700000| PB 0x00000000ff700000| Complete |  0
|2040|0x00000000ff800000, 0x00000000ff900000, 0x00000000ff900000|100%| E|CS|TAMS 0x00000000ff800000| PB 0x00000000ff800000| Complete |  0
|2041|0x00000000ff900000, 0x00000000ffa00000, 0x00000000ffa00000|100%| O|  |TAMS 0x00000000ff900000| PB 0x00000000ff900000| Untracked |  0
|2042|0x00000000ffa00000, 0x00000000ffb00000, 0x00000000ffb00000|100%| O|  |TAMS 0x00000000ffa00000| PB 0x00000000ffa00000| Untracked |  0
|2043|0x00000000ffb00000, 0x00000000ffc00000, 0x00000000ffc00000|100%| O|  |TAMS 0x00000000ffb00000| PB 0x00000000ffb00000| Untracked |  0
|2044|0x00000000ffc00000, 0x00000000ffd00000, 0x00000000ffd00000|100%| O|  |TAMS 0x00000000ffc00000| PB 0x00000000ffc00000| Untracked |  0
|2045|0x00000000ffd00000, 0x00000000ffe00000, 0x00000000ffe00000|100%| O|  |TAMS 0x00000000ffd00000| PB 0x00000000ffd00000| Untracked |  0
|2046|0x00000000ffe00000, 0x00000000fff00000, 0x00000000fff00000|100%| O|  |TAMS 0x00000000ffe00000| PB 0x00000000ffe00000| Untracked |  0
|2047|0x00000000fff00000, 0x0000000100000000, 0x0000000100000000|100%| O|  |TAMS 0x00000000fff00000| PB 0x00000000fff00000| Untracked |  0

Card table byte_map: [0x00000219aa810000,0x00000219aac10000] _byte_map_base: 0x00000219aa410000

Marking Bits: (CMBitMap*) 0x00000219975cee20
 Bits: [0x00000219aac10000, 0x00000219acc10000)

Polling page: 0x0000021995150000

Metaspace:
Metaspace        used 197067K, committed 199488K, reserved 1245184K
 class space     used 27097K, committed 28224K, reserved 1048576K

Usage:
  Non-class:    165.99 MB used.
      Class:     26.46 MB used.
       Both:    192.45 MB used.

Virtual space:
  Non-class space:      192.00 MB reserved,     167.25 MB ( 87%) committed,  3 nodes.
      Class space:        1.00 GB reserved,      27.56 MB (  3%) committed,  1 nodes.
             Both:        1.19 GB reserved,     194.81 MB ( 16%) committed. 

Chunk freelists:
   Non-Class:  8.14 MB
       Class:  4.47 MB
        Both:  12.61 MB

MaxMetaspaceSize: unlimited
CompressedClassSpaceSize: 1.00 GB
Initial GC threshold: 21.00 MB
Current GC threshold: 324.06 MB
CDS: off
 - commit_granule_bytes: 65536.
 - commit_granule_words: 8192.
 - virtual_space_node_default_size: 8388608.
 - enlarge_chunks_in_place: 1.
UseCompressedClassPointers 1, UseCompactObjectHeaders 0
Narrow klass pointer bits 32, Max shift 3
Narrow klass base: 0x0000000000000000, Narrow klass shift: 0
Encoding Range: [0x0000000000000000 - 0x0000000100000000), (4294967296 bytes)
Klass Range:    [0x0000000024000000 - 0x0000000064000000), (1073741824 bytes)
Klass ID Range:  [603979776 - 1677721593) (1073741817)
No protection zone.


Internal statistics:

num_allocs_failed_limit: 6.
num_arena_births: 4536.
num_arena_deaths: 0.
num_vsnodes_births: 4.
num_vsnodes_deaths: 0.
num_space_committed: 3116.
num_space_uncommitted: 0.
num_chunks_returned_to_freelist: 6.
num_chunks_taken_from_freelist: 12053.
num_chunk_merges: 3.
num_chunk_splits: 8690.
num_chunks_enlarged: 6428.
num_inconsistent_stats: 0.

CodeHeap 'non-profiled nmethods': size=119168Kb used=9206Kb max_used=9206Kb free=109961Kb
 bounds [0x00000219a2610000, 0x00000219a2f10000, 0x00000219a9a70000]
CodeHeap 'profiled nmethods': size=119168Kb used=34553Kb max_used=34792Kb free=84614Kb
 bounds [0x000002199aa60000, 0x000002199ccb0000, 0x00000219a1ec0000]
CodeHeap 'non-nmethods': size=7488Kb used=4062Kb max_used=4193Kb free=3425Kb
 bounds [0x00000219a1ec0000, 0x00000219a2320000, 0x00000219a2610000]
CodeCache: size=245824Kb, used=47821Kb, max_used=48191Kb, free=198000Kb
 total_blobs=20124, nmethods=18914, adapters=1107, full_count=0
Compilation: enabled, stopped_count=0, restarted_count=0

Compilation events (20 events):
Event: 23.670 Thread 0x00000219b533ae60 nmethod 23009 0x00000219a2ed2308 code [0x00000219a2ed2400, 0x00000219a2ed2f48]
Event: 23.670 Thread 0x00000219b533ae60 23010       4       org.objectweb.asm.ClassWriter::visitEnd (1 bytes)
Event: 23.670 Thread 0x00000219b533ae60 nmethod 23010 0x00000219a2ed2f88 code [0x00000219a2ed3080, 0x00000219a2ed30f8]
Event: 23.670 Thread 0x00000219b533ae60 22976       4       org.objectweb.asm.FieldWriter::<init> (69 bytes)
Event: 23.673 Thread 0x00000219b5341f40 nmethod 22975 0x00000219a2ed3288 code [0x00000219a2ed3380, 0x00000219a2ed4a38]
Event: 23.673 Thread 0x00000219b5341f40 23011       4       org.objectweb.asm.FieldWriter::putFieldInfo (269 bytes)
Event: 23.677 Thread 0x00000219af87e550 23015       3       org.objectweb.asm.tree.ClassNode::visitAnnotation (42 bytes)
Event: 23.677 Thread 0x00000219c6da4c30 23016       3       org.objectweb.asm.ClassWriter::visitAnnotation (40 bytes)
Event: 23.677 Thread 0x00000219b4159ff0 23017       3       org.objectweb.asm.tree.FieldNode::accept (352 bytes)
Event: 23.677 Thread 0x00000219c6da4c30 nmethod 23016 0x000002199c2a2208 code [0x000002199c2a2300, 0x000002199c2a2590]
Event: 23.677 Thread 0x00000219c6da1bd0 23018       3       org.objectweb.asm.ClassReader::readField (675 bytes)
Event: 23.677 Thread 0x00000219af87e550 nmethod 23015 0x000002199b330408 code [0x000002199b330500, 0x000002199b330f10]
Event: 23.677 Thread 0x00000219b4159ff0 nmethod 23017 0x000002199c266788 code [0x000002199c266880, 0x000002199c268210]
Event: 23.679 Thread 0x00000219c6da1bd0 nmethod 23018 0x000002199b29c588 code [0x000002199b29c680, 0x000002199b29f1c0]
Event: 23.681 Thread 0x00000219b5341f40 nmethod 23011 0x00000219a2ed4a88 code [0x00000219a2ed4b80, 0x00000219a2ed5a40]
Event: 23.681 Thread 0x00000219b5341f40 23019       4       org.objectweb.asm.Type::getArgumentTypes (94 bytes)
Event: 23.682 Thread 0x00000219b533ae60 nmethod 22976 0x00000219a2ed5a88 code [0x00000219a2ed5b80, 0x00000219a2ed6f50]
Event: 23.682 Thread 0x00000219b533ae60 23013       4       org.objectweb.asm.AnnotationWriter::putAnnotations (110 bytes)
Event: 23.682 Thread 0x00000219af87e550 23022       3       org.objectweb.asm.ClassWriter::visitField (53 bytes)
Event: 23.682 Thread 0x00000219af87e550 nmethod 23022 0x000002199c33df08 code [0x000002199c33e000, 0x000002199c33e338]

GC Heap Usage History (20 events):
Event: 16.637 {heap Before GC invocations=52 (full 0):
 garbage-first heap   total reserved 2097152K, committed 301056K, used 227899K [0x0000000080000000, 0x0000000100000000)
  region size 1024K, 69 young (70656K), 5 survivors (5120K)
}
Event: 16.640 {heap After GC invocations=53 (full 0):
 garbage-first heap   total reserved 2097152K, committed 301056K, used 162727K [0x0000000080000000, 0x0000000100000000)
  region size 1024K, 8 young (8192K), 8 survivors (8192K)
}
Event: 16.793 {heap Before GC invocations=53 (full 0):
 garbage-first heap   total reserved 2097152K, committed 301056K, used 251815K [0x0000000080000000, 0x0000000100000000)
  region size 1024K, 94 young (96256K), 8 survivors (8192K)
}
Event: 16.803 {heap After GC invocations=54 (full 0):
 garbage-first heap   total reserved 2097152K, committed 301056K, used 173688K [0x0000000080000000, 0x0000000100000000)
  region size 1024K, 12 young (12288K), 12 survivors (12288K)
}
Event: 17.254 {heap Before GC invocations=54 (full 0):
 garbage-first heap   total reserved 2097152K, committed 301056K, used 247416K [0x0000000080000000, 0x0000000100000000)
  region size 1024K, 84 young (86016K), 12 survivors (12288K)
}
Event: 17.267 {heap After GC invocations=55 (full 0):
 garbage-first heap   total reserved 2097152K, committed 301056K, used 196608K [0x0000000080000000, 0x0000000100000000)
  region size 1024K, 11 young (11264K), 11 survivors (11264K)
}
Event: 18.045 {heap Before GC invocations=55 (full 0):
 garbage-first heap   total reserved 2097152K, committed 301056K, used 257024K [0x0000000080000000, 0x0000000100000000)
  region size 1024K, 70 young (71680K), 11 survivors (11264K)
}
Event: 18.053 {heap After GC invocations=56 (full 0):
 garbage-first heap   total reserved 2097152K, committed 361472K, used 200675K [0x0000000080000000, 0x0000000100000000)
  region size 1024K, 3 young (3072K), 3 survivors (3072K)
}
Event: 19.146 {heap Before GC invocations=57 (full 0):
 garbage-first heap   total reserved 2097152K, committed 361472K, used 298979K [0x0000000080000000, 0x0000000100000000)
  region size 1024K, 99 young (101376K), 3 survivors (3072K)
}
Event: 19.150 {heap After GC invocations=58 (full 0):
 garbage-first heap   total reserved 2097152K, committed 361472K, used 203991K [0x0000000080000000, 0x0000000100000000)
  region size 1024K, 7 young (7168K), 7 survivors (7168K)
}
Event: 20.083 {heap Before GC invocations=58 (full 0):
 garbage-first heap   total reserved 2097152K, committed 361472K, used 306391K [0x0000000080000000, 0x0000000100000000)
  region size 1024K, 108 young (110592K), 7 survivors (7168K)
}
Event: 20.093 {heap After GC invocations=59 (full 0):
 garbage-first heap   total reserved 2097152K, committed 361472K, used 208371K [0x0000000080000000, 0x0000000100000000)
  region size 1024K, 14 young (14336K), 14 survivors (14336K)
}
Event: 20.737 {heap Before GC invocations=59 (full 0):
 garbage-first heap   total reserved 2097152K, committed 361472K, used 287219K [0x0000000080000000, 0x0000000100000000)
  region size 1024K, 93 young (95232K), 14 survivors (14336K)
}
Event: 20.746 {heap After GC invocations=60 (full 0):
 garbage-first heap   total reserved 2097152K, committed 361472K, used 214385K [0x0000000080000000, 0x0000000100000000)
  region size 1024K, 14 young (14336K), 14 survivors (14336K)
}
Event: 21.840 {heap Before GC invocations=61 (full 0):
 garbage-first heap   total reserved 2097152K, committed 363520K, used 322929K [0x0000000080000000, 0x0000000100000000)
  region size 1024K, 116 young (118784K), 14 survivors (14336K)
}
Event: 21.848 {heap After GC invocations=62 (full 0):
 garbage-first heap   total reserved 2097152K, committed 363520K, used 219008K [0x0000000080000000, 0x0000000100000000)
  region size 1024K, 11 young (11264K), 11 survivors (11264K)
}
Event: 23.045 {heap Before GC invocations=62 (full 0):
 garbage-first heap   total reserved 2097152K, committed 363520K, used 327552K [0x0000000080000000, 0x0000000100000000)
  region size 1024K, 116 young (118784K), 11 survivors (11264K)
}
Event: 23.055 {heap After GC invocations=63 (full 0):
 garbage-first heap   total reserved 2097152K, committed 363520K, used 221002K [0x0000000080000000, 0x0000000100000000)
  region size 1024K, 8 young (8192K), 8 survivors (8192K)
}
Event: 23.247 {heap Before GC invocations=63 (full 0):
 garbage-first heap   total reserved 2097152K, committed 363520K, used 331594K [0x0000000080000000, 0x0000000100000000)
  region size 1024K, 116 young (118784K), 8 survivors (8192K)
}
Event: 23.253 {heap After GC invocations=64 (full 0):
 garbage-first heap   total reserved 2097152K, committed 363520K, used 222957K [0x0000000080000000, 0x0000000100000000)
  region size 1024K, 10 young (10240K), 10 survivors (10240K)
}

Metaspace Usage History (20 events):
Event: 16.637 {metaspace Before GC invocations=52 (full 0):
 Metaspace       used 162569K, committed 164672K, reserved 1245184K
  class space    used 22180K, committed 23168K, reserved 1048576K
}
Event: 16.640 {metaspace After GC invocations=53 (full 0):
 Metaspace       used 162569K, committed 164672K, reserved 1245184K
  class space    used 22180K, committed 23168K, reserved 1048576K
}
Event: 16.793 {metaspace Before GC invocations=53 (full 0):
 Metaspace       used 162828K, committed 164928K, reserved 1245184K
  class space    used 22185K, committed 23168K, reserved 1048576K
}
Event: 16.803 {metaspace After GC invocations=54 (full 0):
 Metaspace       used 162828K, committed 164928K, reserved 1245184K
  class space    used 22185K, committed 23168K, reserved 1048576K
}
Event: 17.254 {metaspace Before GC invocations=54 (full 0):
 Metaspace       used 163964K, committed 166144K, reserved 1245184K
  class space    used 22214K, committed 23232K, reserved 1048576K
}
Event: 17.267 {metaspace After GC invocations=55 (full 0):
 Metaspace       used 163964K, committed 166144K, reserved 1245184K
  class space    used 22214K, committed 23232K, reserved 1048576K
}
Event: 18.045 {metaspace Before GC invocations=55 (full 0):
 Metaspace       used 168528K, committed 170688K, reserved 1245184K
  class space    used 22850K, committed 23872K, reserved 1048576K
}
Event: 18.053 {metaspace After GC invocations=56 (full 0):
 Metaspace       used 168528K, committed 170688K, reserved 1245184K
  class space    used 22850K, committed 23872K, reserved 1048576K
}
Event: 19.146 {metaspace Before GC invocations=57 (full 0):
 Metaspace       used 175159K, committed 177408K, reserved 1245184K
  class space    used 24012K, committed 25088K, reserved 1048576K
}
Event: 19.150 {metaspace After GC invocations=58 (full 0):
 Metaspace       used 175159K, committed 177408K, reserved 1245184K
  class space    used 24012K, committed 25088K, reserved 1048576K
}
Event: 20.083 {metaspace Before GC invocations=58 (full 0):
 Metaspace       used 180506K, committed 182848K, reserved 1245184K
  class space    used 24820K, committed 25920K, reserved 1048576K
}
Event: 20.093 {metaspace After GC invocations=59 (full 0):
 Metaspace       used 180506K, committed 182848K, reserved 1245184K
  class space    used 24820K, committed 25920K, reserved 1048576K
}
Event: 20.737 {metaspace Before GC invocations=59 (full 0):
 Metaspace       used 180718K, committed 183040K, reserved 1245184K
  class space    used 24832K, committed 25920K, reserved 1048576K
}
Event: 20.747 {metaspace After GC invocations=60 (full 0):
 Metaspace       used 180718K, committed 183040K, reserved 1245184K
  class space    used 24832K, committed 25920K, reserved 1048576K
}
Event: 21.840 {metaspace Before GC invocations=61 (full 0):
 Metaspace       used 189707K, committed 192064K, reserved 1245184K
  class space    used 26073K, committed 27200K, reserved 1048576K
}
Event: 21.848 {metaspace After GC invocations=62 (full 0):
 Metaspace       used 189707K, committed 192064K, reserved 1245184K
  class space    used 26073K, committed 27200K, reserved 1048576K
}
Event: 23.045 {metaspace Before GC invocations=62 (full 0):
 Metaspace       used 196718K, committed 199104K, reserved 1245184K
  class space    used 27068K, committed 28160K, reserved 1048576K
}
Event: 23.055 {metaspace After GC invocations=63 (full 0):
 Metaspace       used 196718K, committed 199104K, reserved 1245184K
  class space    used 27068K, committed 28160K, reserved 1048576K
}
Event: 23.247 {metaspace Before GC invocations=63 (full 0):
 Metaspace       used 196718K, committed 199104K, reserved 1245184K
  class space    used 27068K, committed 28160K, reserved 1048576K
}
Event: 23.253 {metaspace After GC invocations=64 (full 0):
 Metaspace       used 196718K, committed 199104K, reserved 1245184K
  class space    used 27068K, committed 28160K, reserved 1048576K
}

Dll operation events (3 events):
Event: 0.013 Loaded shared library C:\Program Files\Android\Android Studio\jbr\bin\java.dll
Event: 0.018 Loaded shared library C:\Program Files\Android\Android Studio\jbr\bin\zip.dll
Event: 0.634 Loaded shared library C:\Program Files\Android\Android Studio\jbr\bin\verify.dll

Deoptimization events (20 events):
Event: 23.628 Thread 0x00000219b612bb00 DEOPT PACKING pc=0x00000219a27b69fc sp=0x0000003c532f2f00
Event: 23.628 Thread 0x00000219b612bb00 DEOPT UNPACKING pc=0x00000219a1fd8582 sp=0x0000003c532f2f08 mode 2
Event: 23.665 Thread 0x00000219b612bb00 DEOPT PACKING pc=0x000002199c158710 sp=0x0000003c532f32d0
Event: 23.665 Thread 0x00000219b612bb00 DEOPT UNPACKING pc=0x00000219a1f11702 sp=0x0000003c532f27e0 mode 0
Event: 23.676 Thread 0x00000219b612bb00 Uncommon trap: trap_request=0xffffff45 fr.pc=0x00000219a2ec50b8 relative=0x0000000000001638
Event: 23.676 Thread 0x00000219b612bb00 Uncommon trap: reason=unstable_if action=reinterpret pc=0x00000219a2ec50b8 method=org.objectweb.asm.ClassReader.readConst(I[C)Ljava/lang/Object; @ 15 c2
Event: 23.676 Thread 0x00000219b612bb00 DEOPT PACKING pc=0x00000219a2ec50b8 sp=0x0000003c532f3040
Event: 23.676 Thread 0x00000219b612bb00 DEOPT UNPACKING pc=0x00000219a1fd8582 sp=0x0000003c532f2ef8 mode 2
Event: 23.676 Thread 0x00000219b612bb00 Uncommon trap: trap_request=0xffffff45 fr.pc=0x00000219a2ec2368 relative=0x0000000000000fe8
Event: 23.676 Thread 0x00000219b612bb00 Uncommon trap: reason=unstable_if action=reinterpret pc=0x00000219a2ec2368 method=org.objectweb.asm.SymbolTable.addConstant(Ljava/lang/Object;)Lorg/objectweb/asm/Symbol; @ 107 c2
Event: 23.676 Thread 0x00000219b612bb00 DEOPT PACKING pc=0x00000219a2ec2368 sp=0x0000003c532f3260
Event: 23.676 Thread 0x00000219b612bb00 DEOPT UNPACKING pc=0x00000219a1fd8582 sp=0x0000003c532f3078 mode 2
Event: 23.681 Thread 0x00000219b612bb00 Uncommon trap: trap_request=0xffffff45 fr.pc=0x00000219a2ed4168 relative=0x0000000000000de8
Event: 23.681 Thread 0x00000219b612bb00 Uncommon trap: reason=unstable_if action=reinterpret pc=0x00000219a2ed4168 method=org.objectweb.asm.SymbolTable.addConstant(Ljava/lang/Object;)Lorg/objectweb/asm/Symbol; @ 107 c2
Event: 23.681 Thread 0x00000219b612bb00 DEOPT PACKING pc=0x00000219a2ed4168 sp=0x0000003c532f31b0
Event: 23.681 Thread 0x00000219b612bb00 DEOPT UNPACKING pc=0x00000219a1fd8582 sp=0x0000003c532f3050 mode 2
Event: 23.692 Thread 0x00000219b612bb00 Uncommon trap: trap_request=0xffffff45 fr.pc=0x00000219a2ed6784 relative=0x0000000000000c04
Event: 23.745 Thread 0x00000219b612bb00 Uncommon trap: reason=unstable_if action=reinterpret pc=0x00000219a2ed6784 method=org.objectweb.asm.SymbolTable.addConstant(Ljava/lang/Object;)Lorg/objectweb/asm/Symbol; @ 107 c2
Event: 23.746 Thread 0x00000219b612bb00 DEOPT PACKING pc=0x00000219a2ed6784 sp=0x0000003c532f3160
Event: 23.746 Thread 0x00000219b612bb00 DEOPT UNPACKING pc=0x00000219a1fd8582 sp=0x0000003c532f3078 mode 2

Classes loaded (20 events):
Event: 21.733 Loading class com/sun/org/apache/xerces/internal/impl/io/MalformedByteSequenceException
Event: 21.733 Loading class com/sun/org/apache/xerces/internal/impl/io/MalformedByteSequenceException done
Event: 21.872 Loading class java/lang/Throwable$WrappedPrintWriter
Event: 21.872 Loading class java/lang/Throwable$PrintStreamOrWriter
Event: 21.872 Loading class java/lang/Throwable$PrintStreamOrWriter done
Event: 21.872 Loading class java/lang/Throwable$WrappedPrintWriter done
Event: 22.003 Loading class java/util/concurrent/locks/ReentrantReadWriteLock$FairSync
Event: 22.003 Loading class java/util/concurrent/locks/ReentrantReadWriteLock$FairSync done
Event: 22.798 Loading class java/util/IdentityHashMap$ValueIterator
Event: 22.798 Loading class java/util/IdentityHashMap$ValueIterator done
Event: 22.998 Loading class java/util/zip/ZipFile$ZipEntryIterator
Event: 22.999 Loading class java/util/zip/ZipFile$ZipEntryIterator done
Event: 23.003 Loading class java/util/stream/SortedOps$RefSortingSink
Event: 23.003 Loading class java/util/stream/SortedOps$RefSortingSink done
Event: 23.349 Loading class java/util/jar/JarOutputStream
Event: 23.349 Loading class java/util/zip/ZipOutputStream
Event: 23.349 Loading class java/util/zip/ZipOutputStream done
Event: 23.349 Loading class java/util/jar/JarOutputStream done
Event: 23.361 Loading class java/util/zip/ZipOutputStream$XEntry
Event: 23.361 Loading class java/util/zip/ZipOutputStream$XEntry done

Classes unloaded (0 events):
No events

Classes redefined (0 events):
No events

Internal exceptions (20 events):
Event: 23.379 Thread 0x00000219b612bb00 Exception <a 'sun/nio/fs/WindowsException'{0x0000000094244ec0}> (0x0000000094244ec0) 
thrown [s\src\hotspot\share\prims\jni.cpp, line 535]
Event: 23.382 Thread 0x00000219b612bb00 Exception <a 'sun/nio/fs/WindowsException'{0x0000000094257310}> (0x0000000094257310) 
thrown [s\src\hotspot\share\prims\jni.cpp, line 535]
Event: 23.383 Thread 0x00000219b612bb00 Exception <a 'sun/nio/fs/WindowsException'{0x0000000094265898}> (0x0000000094265898) 
thrown [s\src\hotspot\share\prims\jni.cpp, line 535]
Event: 23.383 Thread 0x00000219b612bb00 Exception <a 'sun/nio/fs/WindowsException'{0x0000000094279ed0}> (0x0000000094279ed0) 
thrown [s\src\hotspot\share\prims\jni.cpp, line 535]
Event: 23.385 Thread 0x00000219b612bb00 Exception <a 'sun/nio/fs/WindowsException'{0x000000009429c818}> (0x000000009429c818) 
thrown [s\src\hotspot\share\prims\jni.cpp, line 535]
Event: 23.386 Thread 0x00000219b612bb00 Exception <a 'sun/nio/fs/WindowsException'{0x00000000942ab308}> (0x00000000942ab308) 
thrown [s\src\hotspot\share\prims\jni.cpp, line 535]
Event: 23.386 Thread 0x00000219b612bb00 Exception <a 'sun/nio/fs/WindowsException'{0x00000000942b9fc0}> (0x00000000942b9fc0) 
thrown [s\src\hotspot\share\prims\jni.cpp, line 535]
Event: 23.387 Thread 0x00000219b612bb00 Exception <a 'sun/nio/fs/WindowsException'{0x00000000942c8c18}> (0x00000000942c8c18) 
thrown [s\src\hotspot\share\prims\jni.cpp, line 535]
Event: 23.387 Thread 0x00000219b612bb00 Exception <a 'sun/nio/fs/WindowsException'{0x00000000942d8d80}> (0x00000000942d8d80) 
thrown [s\src\hotspot\share\prims\jni.cpp, line 535]
Event: 23.387 Thread 0x00000219b612bb00 Exception <a 'sun/nio/fs/WindowsException'{0x00000000942e7d78}> (0x00000000942e7d78) 
thrown [s\src\hotspot\share\prims\jni.cpp, line 535]
Event: 23.388 Thread 0x00000219b612bb00 Exception <a 'sun/nio/fs/WindowsException'{0x00000000942f67e0}> (0x00000000942f67e0) 
thrown [s\src\hotspot\share\prims\jni.cpp, line 535]
Event: 23.388 Thread 0x00000219b612bb00 Exception <a 'sun/nio/fs/WindowsException'{0x000000009410da90}> (0x000000009410da90) 
thrown [s\src\hotspot\share\prims\jni.cpp, line 535]
Event: 23.389 Thread 0x00000219b612bb00 Exception <a 'sun/nio/fs/WindowsException'{0x000000009411d7a0}> (0x000000009411d7a0) 
thrown [s\src\hotspot\share\prims\jni.cpp, line 535]
Event: 23.389 Thread 0x00000219b612bb00 Exception <a 'sun/nio/fs/WindowsException'{0x000000009412c508}> (0x000000009412c508) 
thrown [s\src\hotspot\share\prims\jni.cpp, line 535]
Event: 23.389 Thread 0x00000219b612bb00 Exception <a 'sun/nio/fs/WindowsException'{0x000000009413b338}> (0x000000009413b338) 
thrown [s\src\hotspot\share\prims\jni.cpp, line 535]
Event: 23.390 Thread 0x00000219b612bb00 Exception <a 'sun/nio/fs/WindowsException'{0x0000000094149e20}> (0x0000000094149e20) 
thrown [s\src\hotspot\share\prims\jni.cpp, line 535]
Event: 23.390 Thread 0x00000219b612bb00 Exception <a 'sun/nio/fs/WindowsException'{0x0000000094158dc8}> (0x0000000094158dc8) 
thrown [s\src\hotspot\share\prims\jni.cpp, line 535]
Event: 23.391 Thread 0x00000219b612bb00 Exception <a 'sun/nio/fs/WindowsException'{0x000000009416a1b0}> (0x000000009416a1b0) 
thrown [s\src\hotspot\share\prims\jni.cpp, line 535]
Event: 23.392 Thread 0x00000219b612bb00 Exception <a 'sun/nio/fs/WindowsException'{0x00000000941804a0}> (0x00000000941804a0) 
thrown [s\src\hotspot\share\prims\jni.cpp, line 535]
Event: 23.414 Thread 0x00000219b612bb00 Exception <a 'sun/nio/fs/WindowsException'{0x0000000093eb6838}> (0x0000000093eb6838) 
thrown [s\src\hotspot\share\prims\jni.cpp, line 535]

VM Operations (20 events):
Event: 21.840 Executing safepoint VM operation: G1CollectForAllocation (G1 Evacuation Pause)
Event: 21.848 Executing safepoint VM operation: G1CollectForAllocation (G1 Evacuation Pause) done
Event: 22.005 Executing non-safepoint VM operation: HandshakeAllThreads (Deoptimize)
Event: 22.005 Executing non-safepoint VM operation: HandshakeAllThreads (Deoptimize) done
Event: 22.093 Executing non-safepoint VM operation: HandshakeAllThreads (Deoptimize)
Event: 22.093 Executing non-safepoint VM operation: HandshakeAllThreads (Deoptimize) done
Event: 22.095 Executing non-safepoint VM operation: HandshakeAllThreads (Deoptimize)
Event: 22.095 Executing non-safepoint VM operation: HandshakeAllThreads (Deoptimize) done
Event: 22.459 Executing non-safepoint VM operation: HandshakeAllThreads (Deoptimize)
Event: 22.459 Executing non-safepoint VM operation: HandshakeAllThreads (Deoptimize) done
Event: 23.045 Executing safepoint VM operation: G1CollectForAllocation (G1 Evacuation Pause)
Event: 23.055 Executing safepoint VM operation: G1CollectForAllocation (G1 Evacuation Pause) done
Event: 23.247 Executing safepoint VM operation: G1CollectForAllocation (G1 Evacuation Pause)
Event: 23.253 Executing safepoint VM operation: G1CollectForAllocation (G1 Evacuation Pause) done
Event: 23.291 Executing safepoint VM operation: G1PauseRemark
Event: 23.299 Executing safepoint VM operation: G1PauseRemark done
Event: 23.315 Executing safepoint VM operation: G1PauseCleanup
Event: 23.315 Executing safepoint VM operation: G1PauseCleanup done
Event: 23.381 Executing non-safepoint VM operation: HandshakeAllThreads (Deoptimize)
Event: 23.382 Executing non-safepoint VM operation: HandshakeAllThreads (Deoptimize) done

Memory protections (0 events):
No events

Nmethod flushes (20 events):
Event: 23.296 Thread 0x00000219af836940 flushing  nmethod 0x000002199b29f788
Event: 23.296 Thread 0x00000219af836940 flushing  nmethod 0x000002199b29fe88
Event: 23.296 Thread 0x00000219af836940 flushing  nmethod 0x000002199b300e08
Event: 23.296 Thread 0x00000219af836940 flushing  nmethod 0x000002199b32e488
Event: 23.296 Thread 0x00000219af836940 flushing  nmethod 0x000002199b32e988
Event: 23.296 Thread 0x00000219af836940 flushing  nmethod 0x000002199b330408
Event: 23.296 Thread 0x00000219af836940 flushing  nmethod 0x000002199b331508
Event: 23.296 Thread 0x00000219af836940 flushing  nmethod 0x000002199b333008
Event: 23.296 Thread 0x00000219af836940 flushing  nmethod 0x000002199b335488
Event: 23.296 Thread 0x00000219af836940 flushing  nmethod 0x000002199b336108
Event: 23.296 Thread 0x00000219af836940 flushing  nmethod 0x000002199b661e08
Event: 23.296 Thread 0x00000219af836940 flushing  nmethod 0x000002199b8f5a88
Event: 23.296 Thread 0x00000219af836940 flushing  nmethod 0x000002199b9fa208
Event: 23.296 Thread 0x00000219af836940 flushing  nmethod 0x000002199bfa5a88
Event: 23.296 Thread 0x00000219af836940 flushing  nmethod 0x000002199bff6208
Event: 23.296 Thread 0x00000219af836940 flushing  nmethod 0x000002199c047288
Event: 23.296 Thread 0x00000219af836940 flushing  nmethod 0x000002199c12cd88
Event: 23.296 Thread 0x00000219af836940 flushing  nmethod 0x000002199c12e708
Event: 23.296 Thread 0x00000219af836940 flushing  nmethod 0x000002199c164e08
Event: 23.296 Thread 0x00000219af836940 flushing  nmethod 0x000002199c1a4988

Events (20 events):
Event: 19.469 Thread 0x00000219b612bb00 Thread added: 0x00000219c83b6ec0
Event: 20.220 Thread 0x00000219c6da8cb0 Thread exited: 0x00000219c6da8cb0
Event: 20.220 Thread 0x00000219c6da1bd0 Thread exited: 0x00000219c6da1bd0
Event: 20.220 Thread 0x00000219b415c840 Thread exited: 0x00000219b415c840
Event: 20.394 Thread 0x00000219b415a800 Thread exited: 0x00000219b415a800
Event: 20.673 Thread 0x00000219af87e550 Thread added: 0x00000219c6da4c30
Event: 20.673 Thread 0x00000219af87e550 Thread added: 0x00000219c6da1bd0
Event: 20.823 Thread 0x00000219c6da4c30 Thread added: 0x00000219c6dad540
Event: 20.825 Thread 0x00000219c6da1bd0 Thread added: 0x00000219c6dadd50
Event: 21.054 Thread 0x00000219c6dadd50 Thread exited: 0x00000219c6dadd50
Event: 22.294 Thread 0x00000219c6dad540 Thread exited: 0x00000219c6dad540
Event: 23.147 Thread 0x00000219af87d940 Thread added: 0x00000219bad98350
Event: 23.147 Thread 0x00000219af87d940 Thread added: 0x00000219bad98b60
Event: 23.329 Thread 0x00000219bad98b60 Thread exited: 0x00000219bad98b60
Event: 23.330 Thread 0x00000219bad98350 Thread exited: 0x00000219bad98350
Event: 23.397 Thread 0x00000219af87e550 Thread added: 0x00000219c6da7c90
Event: 23.397 Thread 0x00000219c6da4c30 Thread added: 0x00000219c6dadd50
Event: 23.546 Thread 0x00000219c6da4c30 Thread added: 0x00000219b533ae60
Event: 23.546 Thread 0x00000219c6da4c30 Thread added: 0x00000219b5341f40
Event: 23.562 Thread 0x00000219b4159ff0 Thread added: 0x00000219b533f6f0


Dynamic libraries:
0x00007ff6f0880000 - 0x00007ff6f088a000 	C:\Program Files\Android\Android Studio\jbr\bin\java.exe
0x00007ffdfe360000 - 0x00007ffdfe5c7000 	C:\Windows\SYSTEM32\ntdll.dll
0x00007ffdfc970000 - 0x00007ffdfca3b000 	C:\Windows\System32\KERNEL32.DLL
0x00007ffdfba30000 - 0x00007ffdfbe32000 	C:\Windows\System32\KERNELBASE.dll
0x00007ffdfb6c0000 - 0x00007ffdfb80c000 	C:\Windows\System32\ucrtbase.dll
0x00007ffdd8c00000 - 0x00007ffdd8c1b000 	C:\Program Files\Android\Android Studio\jbr\bin\VCRUNTIME140.dll
0x00007ffdf3cf0000 - 0x00007ffdf3d06000 	C:\Program Files\Android\Android Studio\jbr\bin\jli.dll
0x00007ffdfc150000 - 0x00007ffdfc31f000 	C:\Windows\System32\USER32.dll
0x00007ffdfb690000 - 0x00007ffdfb6b7000 	C:\Windows\System32\win32u.dll
0x00007ffddffa0000 - 0x00007ffde0230000 	C:\Windows\WinSxS\amd64_microsoft.windows.common-controls_6595b64144ccf1df_6.0.26100.9278_none_3e0d1ba8e3303201\COMCTL32.dll
0x00007ffdfe2f0000 - 0x00007ffdfe31b000 	C:\Windows\System32\GDI32.dll
0x00007ffdfcb00000 - 0x00007ffdfcba9000 	C:\Windows\System32\msvcrt.dll
0x00007ffdfb560000 - 0x00007ffdfb689000 	C:\Windows\System32\gdi32full.dll
0x00007ffdfbfd0000 - 0x00007ffdfc073000 	C:\Windows\System32\msvcp_win.dll
0x00007ffdfe1b0000 - 0x00007ffdfe1e1000 	C:\Windows\System32\IMM32.DLL
0x00007ffdf3b30000 - 0x00007ffdf3b3c000 	C:\Program Files\Android\Android Studio\jbr\bin\vcruntime140_1.dll
0x00007ffd87e00000 - 0x00007ffd87e8d000 	C:\Program Files\Android\Android Studio\jbr\bin\msvcp140.dll
0x00007ffd7c000000 - 0x00007ffd7cedd000 	C:\Program Files\Android\Android Studio\jbr\bin\server\jvm.dll
0x00007ffdfc390000 - 0x00007ffdfc44c000 	C:\Windows\System32\ADVAPI32.dll
0x00007ffdfca40000 - 0x00007ffdfcae9000 	C:\Windows\System32\sechost.dll
0x00007ffdfce40000 - 0x00007ffdfcf58000 	C:\Windows\System32\RPCRT4.dll
0x00007ffdfcf60000 - 0x00007ffdfcfe0000 	C:\Windows\System32\WS2_32.dll
0x00007ffdfa050000 - 0x00007ffdfa0ae000 	C:\Windows\SYSTEM32\POWRPROF.dll
0x00007ffdf7d50000 - 0x00007ffdf7d86000 	C:\Windows\SYSTEM32\WINMM.dll
0x00007ffdf0b30000 - 0x00007ffdf0b3b000 	C:\Windows\SYSTEM32\VERSION.dll
0x00007ffdfa030000 - 0x00007ffdfa045000 	C:\Windows\SYSTEM32\UMPDC.dll
0x00007ffdfa310000 - 0x00007ffdfa32b000 	C:\Windows\SYSTEM32\kernel.appcore.dll
0x00007ffdda560000 - 0x00007ffdda56a000 	C:\Program Files\Android\Android Studio\jbr\bin\jimage.dll
0x00007ffdf8ba0000 - 0x00007ffdf8dec000 	C:\Windows\SYSTEM32\DBGHELP.DLL
0x00007ffdfdc80000 - 0x00007ffdfe005000 	C:\Windows\System32\combase.dll
0x00007ffdfcbb0000 - 0x00007ffdfcc89000 	C:\Windows\System32\OLEAUT32.dll
0x00007ffdddee0000 - 0x00007ffdddf1b000 	C:\Windows\SYSTEM32\dbgcore.DLL
0x00007ffdfb970000 - 0x00007ffdfba1c000 	C:\Windows\System32\bcryptPrimitives.dll
0x00007ffdf3c80000 - 0x00007ffdf3c8e000 	C:\Program Files\Android\Android Studio\jbr\bin\instrument.dll
0x00007ffdd8be0000 - 0x00007ffdd8bfe000 	C:\Program Files\Android\Android Studio\jbr\bin\java.dll
0x00007ffdfe010000 - 0x00007ffdfe1aa000 	C:\Windows\System32\ole32.dll
0x00007ffdfd230000 - 0x00007ffdfd9c8000 	C:\Windows\System32\SHELL32.dll
0x00007ffdd8bc0000 - 0x00007ffdd8bd6000 	C:\Program Files\Android\Android Studio\jbr\bin\zip.dll
0x00007ffdf8fc0000 - 0x00007ffdf986e000 	C:\Windows\SYSTEM32\windows.storage.dll
0x00007ffdfcd40000 - 0x00007ffdfce3b000 	C:\Windows\System32\SHCORE.dll
0x00007ffdfdab0000 - 0x00007ffdfdb16000 	C:\Windows\System32\shlwapi.dll
0x00007ffdfb480000 - 0x00007ffdfb4a9000 	C:\Windows\SYSTEM32\profapi.dll
0x00007ffdd8b80000 - 0x00007ffdd8b90000 	C:\Program Files\Android\Android Studio\jbr\bin\net.dll
0x00007ffdfa8c0000 - 0x00007ffdfa92c000 	C:\Windows\system32\mswsock.dll
0x00007ffdced60000 - 0x00007ffdced76000 	C:\Program Files\Android\Android Studio\jbr\bin\nio.dll
0x00007ffdd8bb0000 - 0x00007ffdd8bc0000 	C:\Program Files\Android\Android Studio\jbr\bin\verify.dll
0x00007ffdd0d70000 - 0x00007ffdd0d97000 	C:\Users\user\.gradle\native\660c5614fbf4a5f2a75b1949f50a0caf5cd603558e7d8a26e50b933a0cfb79d1\windows-amd64\native-platform.dll
0x00007ffde3a70000 - 0x00007ffde3ae7000 	C:\Users\user\.gradle\native\0.2.8\x86_64-windows-gnu\gradle-fileevents.dll
0x00007ffdc93d0000 - 0x00007ffdc93d9000 	C:\Program Files\Android\Android Studio\jbr\bin\management.dll
0x00007ffdc93c0000 - 0x00007ffdc93cb000 	C:\Program Files\Android\Android Studio\jbr\bin\management_ext.dll
0x00007ffdfcff0000 - 0x00007ffdfcff8000 	C:\Windows\System32\PSAPI.DLL
0x00007ffdf9c30000 - 0x00007ffdf9c63000 	C:\Windows\SYSTEM32\IPHLPAPI.DLL
0x00007ffdfc140000 - 0x00007ffdfc14a000 	C:\Windows\System32\NSI.dll
0x00007ffdca290000 - 0x00007ffdca299000 	C:\Program Files\Android\Android Studio\jbr\bin\extnet.dll
0x00007ffdfabe0000 - 0x00007ffdfabfb000 	C:\Windows\SYSTEM32\CRYPTSP.dll
0x00007ffdfa270000 - 0x00007ffdfa2a9000 	C:\Windows\system32\rsaenh.dll
0x00007ffdfa970000 - 0x00007ffdfa9a4000 	C:\Windows\SYSTEM32\USERENV.dll
0x00007ffdfb450000 - 0x00007ffdfb47a000 	C:\Windows\SYSTEM32\bcrypt.dll
0x00007ffdfab20000 - 0x00007ffdfab2c000 	C:\Windows\SYSTEM32\CRYPTBASE.dll
0x00007ffdd83f0000 - 0x00007ffdd83f8000 	C:\Windows\system32\wshunix.dll

JVMTI agents:
C:\Users\user\.gradle\wrapper\dists\gradle-9.7.1-bin\1w1c7tv4s851m17nbqdsro2tv\gradle-9.7.1\lib\agents\gradle-instrumentation-agent-9.7.1.jar path:C:\Program Files\Android\Android Studio\jbr\bin\instrument.dll, loaded, initialized, instrumentlib options:none

dbghelp: loaded successfully - version: 4.0.5 - missing functions: none
symbol engine: initialized successfully - sym options: 0x614 - pdb path: .;C:\Program Files\Android\Android Studio\jbr\bin;C:\Windows\SYSTEM32;C:\Windows\WinSxS\amd64_microsoft.windows.common-controls_6595b64144ccf1df_6.0.26100.9278_none_3e0d1ba8e3303201;C:\Program Files\Android\Android Studio\jbr\bin\server;C:\Users\user\.gradle\native\660c5614fbf4a5f2a75b1949f50a0caf5cd603558e7d8a26e50b933a0cfb79d1\windows-amd64;C:\Users\user\.gradle\native\0.2.8\x86_64-windows-gnu

VM Arguments:
jvm_args: --add-opens=java.base/java.lang=ALL-UNNAMED --add-opens=java.base/java.lang.invoke=ALL-UNNAMED --add-opens=java.base/java.util=ALL-UNNAMED --add-opens=java.prefs/java.util.prefs=ALL-UNNAMED --add-exports=jdk.compiler/com.sun.tools.javac.api=ALL-UNNAMED --add-exports=jdk.compiler/com.sun.tools.javac.util=ALL-UNNAMED --add-opens=java.base/java.nio.charset=ALL-UNNAMED --add-opens=java.base/java.net=ALL-UNNAMED --add-opens=java.base/java.util.concurrent=ALL-UNNAMED --add-opens=java.base/java.util.concurrent.atomic=ALL-UNNAMED --add-opens=java.xml/javax.xml.namespace=ALL-UNNAMED --add-opens=java.base/java.time=ALL-UNNAMED --enable-native-access=ALL-UNNAMED -Xmx2048m -Dfile.encoding=UTF-8 -Duser.country=US -Duser.language=en -Duser.variant -javaagent:C:\Users\user\.gradle\wrapper\dists\gradle-9.7.1-bin\1w1c7tv4s851m17nbqdsro2tv\gradle-9.7.1\lib\agents\gradle-instrumentation-agent-9.7.1.jar 
java_command: org.gradle.launcher.daemon.bootstrap.GradleDaemon 9.7.1
java_class_path (initial): C:\Users\user\.gradle\wrapper\dists\gradle-9.7.1-bin\1w1c7tv4s851m17nbqdsro2tv\gradle-9.7.1\lib\gradle-daemon-main-9.7.1.jar
Launcher Type: SUN_STANDARD

[Global flags]
     intx CICompilerCount                          = 12                                        {product} {ergonomic}
     uint ConcGCThreads                            = 3                                         {product} {ergonomic}
     uint G1ConcRefinementThreads                  = 13                                        {product} {ergonomic}
   size_t G1HeapRegionSize                         = 1048576                                   {product} {ergonomic}
   size_t InitialHeapSize                          = 331350016                                 {product} {ergonomic}
   size_t MarkStackSize                            = 4194304                                   {product} {ergonomic}
   size_t MarkStackSizeMax                         = 536870912                                 {product} {ergonomic}
   size_t MaxHeapSize                              = 2147483648                                {product} {command line}
   size_t MaxNewSize                               = 1287651328                                {product} {ergonomic}
   size_t MinHeapDeltaBytes                        = 1048576                                   {product} {ergonomic}
   size_t MinHeapSize                              = 8388608                                   {product} {ergonomic}
    uintx NonNMethodCodeHeapSize                   = 7667712                                {pd product} {ergonomic}
    uintx NonProfiledCodeHeapSize                  = 122028032                              {pd product} {ergonomic}
    uintx ProfiledCodeHeapSize                     = 122028032                              {pd product} {ergonomic}
    uintx ReservedCodeCacheSize                    = 251723776                              {pd product} {ergonomic}
     bool SegmentedCodeCache                       = true                                      {product} {ergonomic}
   size_t SoftMaxHeapSize                          = 2147483648                             {manageable} {ergonomic}
     bool UseCompressedOops                        = true                           {product lp64_product} {ergonomic}
     bool UseG1GC                                  = true                                      {product} {ergonomic}
     bool UseLargePagesIndividualAllocation        = false                                  {pd product} {ergonomic}

Logging:
Log output configuration:
 #0: stdout all=warning uptime,level,tags foldmultilines=false
 #1: stderr all=off uptime,level,tags foldmultilines=false

Release file:
JAVA_VERSION="25.0.3" 
MODULES="java.base java.compiler java.datatransfer java.xml java.prefs java.desktop java.instrument java.logging java.management java.security.sasl java.naming java.rmi java.management.rmi java.net.http java.scripting java.security.jgss java.transaction.xa java.sql java.sql.rowset java.xml.crypto java.se java.smartcardio jdk.accessibility jdk.internal.jvmstat jdk.attach jdk.charsets jdk.internal.opt jdk.zipfs jdk.compiler jdk.crypto.cryptoki jdk.crypto.ec jdk.dynalink jdk.hotspot.agent jdk.httpserver jdk.internal.ed jdk.internal.le jdk.internal.md jdk.internal.vm.ci jdk.jartool jdk.javadoc jdk.jcmd jdk.jdeps jdk.jdwp.agent jdk.jdi jdk.jfr jdk.jlink jdk.localedata jdk.management jdk.management.agent jdk.management.jfr jdk.naming.dns jdk.naming.rmi jdk.net jdk.sctp jdk.security.auth jdk.security.jgss jdk.unsupported jdk.unsupported.desktop jdk.xml.dom" 
IMPLEMENTOR="JetBrains s.r.o." 
JAVA_RUNTIME_VERSION="25.0.3+-15898627-b508.16" 
LIBC="default" 
OS_ARCH="x86_64" 
OS_NAME="Windows" 
SOURCE=".:git:a8b1dba3234f" 

Environment Variables:
JAVA_HOME=C:\Program Files\Eclipse Adoptium\jdk-17.0.16.8-hotspot\
PATH=C:\Program Files (x86)\Common Files\Oracle\Java\java8path;C:\Program Files (x86)\Common Files\Oracle\Java\javapath;C:\Program Files\Eclipse Adoptium\jdk-17.0.16.8-hotspot\bin;C:\Windows\system32;C:\Windows;C:\Windows\System32\Wbem;C:\Windows\System32\WindowsPowerShell\v1.0\;C:\Windows\System32\OpenSSH\;C:\Program Files (x86)\NVIDIA Corporation\PhysX\Common;C:\Program Files\NVIDIA Corporation\NVIDIA NvDLISR;C:\Program Files\dotnet\;D:\Apps\NeoVim\bin;C:\Program Files\nodejs\;C:\ProgramData\chocolatey\bin;C:\Program Files\Git\cmd;C:\Users\user\AppData\Local\Muse Hub\lib;C:\Program Files\WireGuard\;C:\Users\user\.config\herd\bin\nvm;C:\Program Files\nodejs;C:\Users\user\.config\herd\bin;C:\Users\user\AppData\Local\Microsoft\WindowsApps;C:\Users\user\AppData\Local\GitHubDesktop\bin;C:\Users\user\AppData\Local\Python\bin;C:\Users\user\AppData\Local\Programs\Microsoft VS Code\bin;C:\msys64\ucrt64\bin;C:\Users\user\AppData\Roaming\npm;C:\Users\user\AppData\Local\Programs\Antigravity IDE\bin;C:\Users\user\AppData\Local\Muse Hub\lib;C:\Users\user\AppData\Local\Programs\Ollama
USERNAME=user
OS=Windows_NT
PROCESSOR_IDENTIFIER=Intel64 Family 6 Model 191 Stepping 2, GenuineIntel
TMP=C:\Users\user\AppData\Local\Temp
TEMP=C:\Users\user\AppData\Local\Temp




Compilation memory statistics disabled.

Periodic native trim disabled

JNI global refs:
JNI global refs: 34, weak refs: 0

JNI global refs memory usage: 835, weak refs: 833

Process memory usage:
Resident Set Size: 835312K (4% of 20672376K total physical memory with 1413060K free physical memory)

OOME stack traces (most recent first):
Classloader memory used:
Loader org.gradle.internal.classloader.VisitableURLClassLoader                         : 113 M
Loader org.gradle.internal.classloader.VisitableURLClassLoader$InstrumentingVisitableURLClassLoader: 33901 K
Loader bootstrap                                                                       : 28459 K
Loader org.gradle.initialization.MixInLegacyTypesClassLoader                           : 13551 K
Loader org.gradle.internal.classloader.VisitableURLClassLoader                         : 4534 K
Loader jdk.internal.jrtfs.JrtFileSystemProvider$JrtFsLoader                            : 330 K
Loader jdk.internal.loader.ClassLoaders$PlatformClassLoader                            : 196 K
Loader jdk.internal.loader.ClassLoaders$AppClassLoader                                 : 190 K
Loader org.gradle.groovy.scripts.internal.DefaultScriptCompilationHandler$ScriptClassLoader: 89168 B

Classes loaded by more than one classloader:
Class Program                                                                         : loaded 5 times (x 74B)
Class com.google.common.collect.UnmodifiableListIterator                              : loaded 4 times (x 97B)
Class com.google.common.collect.UnmodifiableIterator                                  : loaded 4 times (x 82B)
Class com.google.common.collect.ImmutableList                                         : loaded 4 times (x 208B)
Class com.google.common.collect.Iterators$SingletonIterator                           : loaded 4 times (x 83B)
Class com.google.common.collect.Iterators                                             : loaded 4 times (x 73B)
Class com.google.common.collect.PeekingIterator                                       : loaded 4 times (x 72B)
Class com.google.common.collect.Lists$StringAsImmutableList                           : loaded 4 times (x 209B)
Class com.google.common.base.Preconditions                                            : loaded 4 times (x 73B)
Class com.google.common.collect.AbstractIterator                                      : loaded 4 times (x 84B)
Class com.google.common.collect.AbstractIndexedListIterator                           : loaded 4 times (x 98B)
Class com.google.common.collect.Iterators$MergingIterator                             : loaded 4 times (x 83B)
Class com.google.common.collect.Iterators$1                                           : loaded 4 times (x 83B)
Class com.google.common.collect.Iterators$4                                           : loaded 4 times (x 84B)
Class com.google.common.collect.Iterators$5                                           : loaded 4 times (x 84B)
Class com.google.common.collect.ImmutableCollection                                   : loaded 4 times (x 127B)
Class com.google.common.collect.Lists                                                 : loaded 4 times (x 73B)
Class com.google.common.collect.Iterators$ArrayItr                                    : loaded 4 times (x 99B)
Class com.google.common.collect.Iterators$9                                           : loaded 4 times (x 83B)
Class com.google.common.collect.ImmutableAsList                                       : loaded 3 times (x 211B)
Class com.google.common.collect.ImmutableList$1                                       : loaded 3 times (x 99B)
Class com.google.common.collect.RegularImmutableSet                                   : loaded 3 times (x 150B)
Class com.google.common.base.Function                                                 : loaded 3 times (x 72B)
Class com.google.common.collect.RegularImmutableList                                  : loaded 3 times (x 215B)
Class com.google.common.collect.ImmutableSet                                          : loaded 3 times (x 147B)
Class org.gradle.internal.Cast                                                        : loaded 3 times (x 73B)
Class org.gradle.api.Action                                                           : loaded 3 times (x 72B)
Class com.google.common.collect.SingletonImmutableSet                                 : loaded 3 times (x 148B)
Class com.google.common.base.Predicate                                                : loaded 3 times (x 72B)
Class com.google.common.collect.ImmutableList$ReverseImmutableList                    : loaded 3 times (x 211B)
Class com.google.common.collect.SingletonImmutableList                                : loaded 3 times (x 209B)
Class org.gradle.api.GradleException                                                  : loaded 3 times (x 84B)
Class com.google.common.collect.Multimap                                              : loaded 3 times (x 72B)
Class org.gradle.internal.IoActions                                                   : loaded 3 times (x 73B)
Class com.google.common.collect.ImmutableSet$RegularSetBuilderImpl                    : loaded 3 times (x 78B)
Class com.google.common.base.Joiner$1                                                 : loaded 3 times (x 83B)
Class com.google.common.base.Joiner$2                                                 : loaded 3 times (x 82B)
Class com.google.common.collect.RegularImmutableAsList                                : loaded 3 times (x 219B)
Class com.google.common.collect.ImmutableList$Builder                                 : loaded 3 times (x 79B)
Class Build_gradle                                                                    : loaded 3 times (x 128B)
Class com.google.common.collect.ImmutableSet$SetBuilderImpl                           : loaded 3 times (x 78B)
Class com.google.common.collect.ImmutableList$SubList                                 : loaded 3 times (x 211B)
Class com.google.common.base.Joiner                                                   : loaded 3 times (x 82B)
Class com.google.common.collect.ImmutableCollection$Builder                           : loaded 3 times (x 78B)
Class com.google.common.collect.ImmutableSet$CachingAsList                            : loaded 3 times (x 150B)
Class jdk.internal.jimage.decompressor.StringSharingDecompressorFactory               : loaded 2 times (x 76B)
Class io.opentelemetry.api.internal.OtelEncodingUtils                                 : loaded 2 times (x 73B)
Class kotlin.sequences.TransformingSequence                                           : loaded 2 times (x 77B)
Class org.gradle.tooling.internal.adapter.MethodInvocation                            : loaded 2 times (x 87B)
Class org.gradle.internal.operations.MultipleBuildOperationFailures                   : loaded 2 times (x 97B)
Class com.google.common.base.Platform$JdkPatternCompiler                              : loaded 2 times (x 77B)
Class org.objectweb.asm.MethodTooLargeException                                       : loaded 2 times (x 84B)
Class [Lcom.google.common.cache.CacheBuilder$OneWeigher;                              : loaded 2 times (x 71B)
Class com.google.common.base.Suppliers                                                : loaded 2 times (x 73B)
Class com.google.gson.internal.bind.JsonAdapterAnnotationTypeAdapterFactory$DummyTypeAdapterFactory: loaded 2 times (x 77B)
Class com.google.gson.internal.bind.TypeAdapters$31                                   : loaded 2 times (x 78B)
Class com.google.gson.JsonSyntaxException                                             : loaded 2 times (x 84B)
Class org.jetbrains.kotlin.idea.gradleTooling.AndroidAwareGradleModelProvider$Companion: loaded 2 times (x 73B)
Class io.opentelemetry.api.GlobalOpenTelemetry                                        : loaded 2 times (x 73B)
Class com.intellij.util.containers.IntObjectHashMap$ArrayProducer                     : loaded 2 times (x 72B)
Class org.gradle.internal.classloader.DefaultClassLoaderFactory                       : loaded 2 times (x 84B)
Class com.google.gson.internal.bind.TypeAdapters$32                                   : loaded 2 times (x 78B)
Class io.opentelemetry.context.Scope                                                  : loaded 2 times (x 72B)
Class com.google.common.collect.ReverseNaturalOrdering                                : loaded 2 times (x 116B)
Class kotlin.text.MatcherMatchResult$groupValues$1                                    : loaded 2 times (x 200B)
Class kotlin.sequences.SequencesKt___SequencesKt                                      : loaded 2 times (x 73B)
Class kotlin.collections.AbstractList$Companion                                       : loaded 2 times (x 73B)
Class com.google.gson.internal.bind.ObjectTypeAdapter                                 : loaded 2 times (x 76B)
Class [Lcom.google.common.collect.ImmutableMapEntry;                                  : loaded 2 times (x 71B)
Class [Lcom.android.ide.common.repository.AgpVersion$PreviewKind;                     : loaded 2 times (x 71B)
Class org.jetbrains.plugins.gradle.tooling.serialization.internal.IdeaProjectSerializationService: loaded 2 times (x 79B)
Class com.google.common.collect.Ordering                                              : loaded 2 times (x 116B)
Class kotlin.sequences.SequencesKt___SequencesKt$flatMap$2                            : loaded 2 times (x 131B)
Class org.objectweb.asm.tree.ClassNode                                                : loaded 2 times (x 92B)
Class com.android.builder.model.v2.models.AndroidDsl                                  : loaded 2 times (x 72B)
Class com.google.common.collect.ListMultimap                                          : loaded 2 times (x 72B)
Class com.google.common.collect.ImmutableEnumMap                                      : loaded 2 times (x 128B)
Class com.google.common.collect.ImmutableRangeSet                                     : loaded 2 times (x 117B)
Class org.gradle.tooling.internal.gradle.DefaultProjectIdentifier                     : loaded 2 times (x 88B)
Class com.google.common.collect.Sets$1                                                : loaded 2 times (x 143B)
Class org.objectweb.asm.AnnotationVisitor                                             : loaded 2 times (x 80B)
Class com.google.gson.internal.bind.TypeAdapters                                      : loaded 2 times (x 73B)
Class com.google.gson.FormattingStyle                                                 : loaded 2 times (x 80B)
Class com.google.gson.FieldNamingPolicy                                               : loaded 2 times (x 85B)
Class com.intellij.gradle.toolingExtension.impl.model.buildScriptClasspathModel.GradleBuildScriptClasspathSerializationService$ReadContext: loaded 2 times (x 74B)
Class com.google.common.collect.Iterators$PeekingImpl                                 : loaded 2 times (x 87B)
Class com.google.common.collect.ComparatorOrdering                                    : loaded 2 times (x 117B)
Class org.gradle.api.internal.DefaultClassPathProvider                                : loaded 2 times (x 78B)
Class com.android.builder.model.v2.models.BasicAndroidProject                         : loaded 2 times (x 72B)
Class com.google.common.collect.Sets$2                                                : loaded 2 times (x 143B)
Class com.google.gson.JsonArray                                                       : loaded 2 times (x 102B)
Class com.google.gson.FieldNamingStrategy                                             : loaded 2 times (x 72B)
Class com.google.common.collect.NaturalOrdering                                       : loaded 2 times (x 117B)
Class kotlin.text.MatchResult                                                         : loaded 2 times (x 72B)
Class kotlin.sequences.SequenceScope                                                  : loaded 2 times (x 75B)
Class kotlin.sequences.Sequence                                                       : loaded 2 times (x 72B)
Class [Lorg.gradle.api.internal.ClassPathProvider;                                    : loaded 2 times (x 71B)
Class org.gradle.api.internal.ClassPathProvider                                       : loaded 2 times (x 72B)
Class [Lorg.objectweb.asm.AnnotationVisitor;                                          : loaded 2 times (x 71B)
Class com.google.common.collect.Sets$3                                                : loaded 2 times (x 143B)
Class com.google.common.cache.LocalCache$LocalLoadingCache                            : loaded 2 times (x 136B)
Class com.jetbrains.mobileGradleTooling.applePackageManagersUsage.ApplePackageManagersUsageModel: loaded 2 times (x 72B)
Class kotlin.collections.CollectionsKt___CollectionsKt$asSequence$$inlined$Sequence$1 : loaded 2 times (x 77B)
Class org.gradle.internal.service.UnknownServiceException                             : loaded 2 times (x 85B)
Class com.google.common.io.ByteArrayDataInput                                         : loaded 2 times (x 72B)
Class com.google.common.collect.Sets$4                                                : loaded 2 times (x 143B)
Class org.objectweb.asm.ModuleVisitor                                                 : loaded 2 times (x 83B)
Class com.google.common.cache.LocalCache$Strength$1                                   : loaded 2 times (x 83B)
Class org.jetbrains.kotlin.idea.gradleTooling.model.kapt.KaptGradleModel              : loaded 2 times (x 72B)
Class org.jetbrains.kotlin.idea.gradleTooling.KotlinDslScriptAdditionalTask           : loaded 2 times (x 72B)
Class org.jetbrains.plugins.gradle.model.ClasspathEntryModel                          : loaded 2 times (x 72B)
Class com.google.common.util.concurrent.SettableFuture                                : loaded 2 times (x 116B)
Class com.google.common.cache.LocalCache$Strength$2                                   : loaded 2 times (x 83B)
Class com.intellij.platform.diagnostic.telemetry.rt.context.TelemetryContextGetter    : loaded 2 times (x 77B)
Class org.jetbrains.plugins.gradle.tooling.serialization.GradleExtensionsSerializationService: loaded 2 times (x 79B)
Class org.gradle.api.JavaVersion                                                      : loaded 2 times (x 81B)
Class org.gradle.tooling.model.Dependency                                             : loaded 2 times (x 72B)
Class com.google.common.io.ByteStreams                                                : loaded 2 times (x 73B)
Class com.google.common.cache.LocalCache$Strength$3                                   : loaded 2 times (x 83B)
Class com.google.common.collect.MapDifference                                         : loaded 2 times (x 72B)
Class com.intellij.openapi.externalSystem.model.project.dependencies.ResolutionState  : loaded 2 times (x 81B)
Class com.google.common.collect.AllEqualOrdering                                      : loaded 2 times (x 116B)
Class kotlin.collections.ArraysKt___ArraysJvmKt                                       : loaded 2 times (x 73B)
Class kotlin.collections.CollectionsKt__CollectionsKt                                 : loaded 2 times (x 73B)
Class org.objectweb.asm.FieldWriter                                                   : loaded 2 times (x 79B)
Class com.google.common.cache.CacheBuilder$NullListener                               : loaded 2 times (x 84B)
Class com.google.gson.LongSerializationPolicy                                         : loaded 2 times (x 82B)
Class org.jetbrains.plugins.gradle.model.ExternalLibraryDependency                    : loaded 2 times (x 72B)
Class kotlin.text.Regex$Companion                                                     : loaded 2 times (x 73B)
Class org.gradle.internal.classpath.TransformedClassPath                              : loaded 2 times (x 101B)
Class org.gradle.internal.classloader.InstrumentingClassLoader                        : loaded 2 times (x 72B)
Class com.google.gson.TypeAdapterFactory                                              : loaded 2 times (x 72B)
Class com.google.common.cache.CacheLoader$FunctionToCacheLoader                       : loaded 2 times (x 77B)
Class com.google.gson.internal.bind.JsonTreeReader                                    : loaded 2 times (x 99B)
Class ijInit1_bf6mh7a1x9afcdw40dx5hzd0g$_run_closure1                                 : loaded 2 times (x 141B)
Class com.google.common.collect.ImmutableRangeSet$AsSet                               : loaded 2 times (x 302B)
Class kotlin.jvm.internal.FunctionReference                                           : loaded 2 times (x 128B)
Class [Lkotlin.coroutines.intrinsics.CoroutineSingletons;                             : loaded 2 times (x 71B)
Class kotlin.jvm.internal.FunctionBase                                                : loaded 2 times (x 72B)
Class kotlin.enums.EnumEntriesList                                                    : loaded 2 times (x 225B)
Class com.google.gson.internal.bind.TypeAdapters$30                                   : loaded 2 times (x 78B)
Class com.google.common.base.MoreObjects                                              : loaded 2 times (x 73B)
Class com.google.gson.internal.bind.DefaultDateTypeAdapter                            : loaded 2 times (x 76B)
Class com.google.gson.GsonBuilder                                                     : loaded 2 times (x 74B)
Class kotlin.collections.CollectionsKt__IteratorsJVMKt                                : loaded 2 times (x 73B)
Class [Lorg.objectweb.asm.Attribute;                                                  : loaded 2 times (x 71B)
Class com.google.gson.internal.Primitives                                             : loaded 2 times (x 73B)
Class com.google.common.collect.Platform                                              : loaded 2 times (x 73B)
Class [Lorg.objectweb.asm.Type;                                                       : loaded 2 times (x 71B)
Class com.google.gson.stream.JsonWriter                                               : loaded 2 times (x 100B)
Class org.objectweb.asm.ClassVisitor                                                  : loaded 2 times (x 90B)
Class org.jetbrains.kotlin.idea.gradleTooling.KotlinSourceSetContainer                : loaded 2 times (x 72B)
Class io.opentelemetry.context.ContextStorageWrappers                                 : loaded 2 times (x 73B)
Class io.opentelemetry.context.propagation.DefaultContextPropagators                  : loaded 2 times (x 77B)
Class org.jetbrains.plugins.gradle.model.IntelliJSettings                             : loaded 2 times (x 72B)
Class kotlin.Result                                                                   : loaded 2 times (x 74B)
Class org.gradle.internal.service.ServiceLocator                                      : loaded 2 times (x 72B)
Class com.google.common.base.Ascii                                                    : loaded 2 times (x 73B)
Class com.google.common.collect.SingletonImmutableBiMap                               : loaded 2 times (x 145B)
Class [Lorg.objectweb.asm.Symbol;                                                     : loaded 2 times (x 71B)
Class com.google.common.cache.LocalCache$1                                            : loaded 2 times (x 91B)
Class com.google.gson.internal.bind.TypeAdapterRuntimeTypeWrapper                     : loaded 2 times (x 76B)
Class com.google.common.collect.AbstractMapEntry                                      : loaded 2 times (x 83B)
Class jdk.internal.jrtfs.JrtFileSystemProvider                                        : loaded 2 times (x 103B)
Class com.intellij.gradle.toolingExtension.util.GradleVersionUtil                     : loaded 2 times (x 73B)
Class kotlin.sequences.TransformingSequence$iterator$1                                : loaded 2 times (x 81B)
Class kotlin.Pair                                                                     : loaded 2 times (x 74B)
Class org.gradle.tooling.internal.adapter.ProtocolToModelAdapter$SupportedPropertyInvoker: loaded 2 times (x 78B)
Class org.gradle.tooling.model.UnsupportedMethodException                             : loaded 2 times (x 84B)
Class com.google.common.collect.Sets$ImprovedAbstractSet                              : loaded 2 times (x 137B)
Class com.android.utils.FileUtils                                                     : loaded 2 times (x 73B)
Class com.google.common.collect.AbstractMultimap                                      : loaded 2 times (x 125B)
Class com.google.common.cache.LocalCache$2                                            : loaded 2 times (x 144B)
Class sync_studio_tooling10_e7esb87711ek0b4q0lnd97zoj$_run_closure1                   : loaded 2 times (x 140B)
Class kotlin.collections.CollectionsKt__MutableCollectionsKt                          : loaded 2 times (x 73B)
Class org.gradle.tooling.internal.adapter.TargetTypeProvider                          : loaded 2 times (x 72B)
Class com.google.gson.internal.bind.MapTypeAdapterFactory$Adapter                     : loaded 2 times (x 76B)
Class com.google.gson.internal.sql.SqlTimeTypeAdapter$1                               : loaded 2 times (x 77B)
Class io.opentelemetry.api.trace.SpanContext                                          : loaded 2 times (x 72B)
Class io.opentelemetry.api.trace.DefaultTracer$NoopSpanBuilder                        : loaded 2 times (x 93B)
Class org.jetbrains.plugins.gradle.tooling.serialization.AnnotationProcessingModelSerializationService$WriteContext: loaded 2 times (x 74B)
Class com.google.common.collect.ImmutableRangeSet$1                                   : loaded 2 times (x 212B)
Class kotlin.reflect.KCallable                                                        : loaded 2 times (x 72B)
Class com.google.common.util.concurrent.AbstractFuture$Trusted                        : loaded 2 times (x 72B)
Class org.jetbrains.plugins.gradle.model.GradleExtensions                             : loaded 2 times (x 72B)
Class com.intellij.compose.ide.plugin.gradleTooling.rt.ComposeResourcesModel          : loaded 2 times (x 72B)
Class com.intellij.gradle.toolingExtension.impl.util.collectionUtil.GradleCollections : loaded 2 times (x 73B)
Class org.jetbrains.plugins.gradle.tooling.serialization.ProjectDependenciesSerializationService$WriteContext: loaded 2 times (x 74B)
Class org.jetbrains.plugins.gradle.tooling.serialization.ProjectDependenciesSerializationService: loaded 2 times (x 79B)
Class com.google.common.collect.Range                                                 : loaded 2 times (x 88B)
Class org.gradle.tooling.model.kotlin.dsl.KotlinDslScriptModel                        : loaded 2 times (x 72B)
Class org.gradle.tooling.internal.adapter.CollectionMapper                            : loaded 2 times (x 75B)
Class org.jetbrains.plugins.gradle.model.AnnotationProcessingModel                    : loaded 2 times (x 72B)
Class com.google.common.util.concurrent.UncheckedExecutionException                   : loaded 2 times (x 84B)
Class com.google.gson.internal.bind.DefaultDateTypeAdapter$DateType                   : loaded 2 times (x 75B)
Class org.gradle.kotlin.dsl.VersionCatalogAccessorsKt                                 : loaded 2 times (x 73B)
Class jdk.internal.jimage.ImageLocation                                               : loaded 2 times (x 92B)
Class io.opentelemetry.api.trace.DefaultTracerProvider                                : loaded 2 times (x 81B)
Class com.google.common.collect.ExplicitOrdering                                      : loaded 2 times (x 117B)
Class com.google.gson.internal.bind.ReflectiveTypeAdapterFactory$1                    : loaded 2 times (x 76B)
Class org.jetbrains.plugins.gradle.ExternalDependencyId                               : loaded 2 times (x 72B)
Class gnu.trove.THash                                                                 : loaded 2 times (x 83B)
Class com.intellij.gradle.toolingExtension.impl.model.buildScriptClasspathModel.GradleBuildScriptClasspathSerializationService$WriteContext: loaded 2 times (x 74B)
Class org.gradle.tooling.internal.adapter.ProtocolToModelAdapter                      : loaded 2 times (x 82B)
Class com.google.common.collect.AbstractMapBasedMultimap$KeySet$1                     : loaded 2 times (x 84B)
Class org.objectweb.asm.ClassWriter                                                   : loaded 2 times (x 107B)
Class com.google.common.cache.CacheLoader$UnsupportedLoadingOperationException        : loaded 2 times (x 84B)
Class com.google.common.base.CharMatcher$And                                          : loaded 2 times (x 114B)
Class com.google.gson.internal.bind.ReflectiveTypeAdapterFactory$2                    : loaded 2 times (x 80B)
Class jdk.internal.jimage.ImageBufferCache$1                                          : loaded 2 times (x 84B)
Class [Lio.opentelemetry.context.ThreadLocalContextStorage$NoopScope;                 : loaded 2 times (x 71B)
Class io.opentelemetry.context.ThreadLocalContextStorage$NoopScope                    : loaded 2 times (x 87B)
Class kotlin.collections.MapsKt__MapsJVMKt                                            : loaded 2 times (x 73B)
Class kotlin.collections.EmptyList                                                    : loaded 2 times (x 176B)
Class org.gradle.internal.time.DefaultTimer                                           : loaded 2 times (x 82B)
Class org.objectweb.asm.FieldVisitor                                                  : loaded 2 times (x 79B)
Class com.google.gson.ToNumberStrategy                                                : loaded 2 times (x 72B)
Class com.google.gson.TypeAdapter                                                     : loaded 2 times (x 75B)
Class com.google.common.collect.IndexedImmutableSet                                   : loaded 2 times (x 154B)
Class com.google.common.collect.ImmutableMap$1                                        : loaded 2 times (x 83B)
Class com.google.common.collect.BiMap                                                 : loaded 2 times (x 72B)
Class jdk.internal.jimage.ImageBufferCache$2                                          : loaded 2 times (x 93B)
Class com.google.common.base.Objects                                                  : loaded 2 times (x 73B)
Class io.opentelemetry.context.ImplicitContextKeyed                                   : loaded 2 times (x 72B)
Class org.gradle.tooling.internal.adapter.ProtocolToModelAdapter$ViewKey              : loaded 2 times (x 74B)
Class org.gradle.api.internal.classpath.DefaultModuleRegistry$DefaultModule           : loaded 2 times (x 84B)
Class com.android.builder.model.v2.CustomSourceDirectory                              : loaded 2 times (x 72B)
Class com.google.common.primitives.Ints                                               : loaded 2 times (x 73B)
Class io.opentelemetry.context.ContextStorageProvider                                 : loaded 2 times (x 72B)
Class com.android.ide.common.repository.AgpVersion                                    : loaded 2 times (x 77B)
Class io.opentelemetry.context.DefaultContextKey                                      : loaded 2 times (x 74B)
Class com.google.common.collect.NullsFirstOrdering                                    : loaded 2 times (x 117B)
Class kotlin.jvm.internal.KotlinGenericDeclaration                                    : loaded 2 times (x 72B)
Class kotlin.ResultKt                                                                 : loaded 2 times (x 73B)
Class org.gradle.tooling.internal.adapter.ProtocolToModelAdapter$PropertyCachingMethodInvoker: loaded 2 times (x 78B)
Class com.android.builder.model.v2.models.ProjectSyncIssues                           : loaded 2 times (x 72B)
Class com.google.common.collect.ObjectArrays                                          : loaded 2 times (x 73B)
Class com.google.common.math.MathPreconditions                                        : loaded 2 times (x 73B)
Class com.google.common.collect.Multiset                                              : loaded 2 times (x 72B)
Class com.google.common.collect.ArrayListMultimapGwtSerializationDependencies         : loaded 2 times (x 173B)
Class org.jetbrains.plugins.gradle.model.UnresolvedExternalDependency                 : loaded 2 times (x 72B)
Class com.intellij.openapi.externalSystem.model.ExternalSystemException               : loaded 2 times (x 87B)
Class org.jetbrains.plugins.gradle.model.ExternalTask                                 : loaded 2 times (x 72B)
Class io.opentelemetry.api.internal.IncubatingUtil                                    : loaded 2 times (x 73B)
Class io.opentelemetry.api.GlobalOpenTelemetry$ObfuscatedOpenTelemetry                : loaded 2 times (x 94B)
Class kotlin.collections.ArraysKt__ArraysKt                                           : loaded 2 times (x 73B)
Class kotlin.Result$Failure                                                           : loaded 2 times (x 74B)
Class org.gradle.internal.time.DefaultCountdownTimer                                  : loaded 2 times (x 90B)
Class com.google.gson.internal.ObjectConstructor                                      : loaded 2 times (x 72B)
Class com.google.common.collect.ImmutableMapEntrySet                                  : loaded 2 times (x 154B)
Class org.jetbrains.plugins.gradle.model.GradleTaskModel                              : loaded 2 times (x 72B)
Class org.jetbrains.plugins.gradle.tooling.util.ObjectCollector                       : loaded 2 times (x 74B)
Class kotlin.collections.SetsKt__SetsJVMKt                                            : loaded 2 times (x 73B)
Class kotlin.Function                                                                 : loaded 2 times (x 72B)
Class org.gradle.tooling.internal.adapter.ProtocolToModelAdapter$AdaptingMethodInvoker: loaded 2 times (x 78B)
Class org.gradle.tooling.internal.gradle.DefaultBuildIdentifier                       : loaded 2 times (x 81B)
Class org.gradle.api.internal.classpath.Module                                        : loaded 2 times (x 72B)
Class com.google.common.cache.Weigher                                                 : loaded 2 times (x 72B)
Class kotlinx.coroutines.flow.Flow                                                    : loaded 2 times (x 72B)
Class com.intellij.openapi.externalSystem.model.project.IExternalSystemSourceType     : loaded 2 times (x 72B)
Class org.gradle.api.internal.classpath.UnknownModuleException                        : loaded 2 times (x 84B)
Class com.google.common.base.Stopwatch                                                : loaded 2 times (x 74B)
Class com.google.common.cache.LocalCache$Strength                                     : loaded 2 times (x 83B)
Class com.google.common.cache.Cache                                                   : loaded 2 times (x 72B)
Class jdk.internal.jimage.ImageHeader                                                 : loaded 2 times (x 73B)
Class io.opentelemetry.api.trace.TraceStateBuilder                                    : loaded 2 times (x 72B)
Class com.intellij.openapi.externalSystem.model.project.dependencies.ProjectDependencies: loaded 2 times (x 72B)
Class org.jetbrains.plugins.gradle.tooling.serialization.ProjectDependenciesSerializationService$ReadContext: loaded 2 times (x 74B)
Class com.google.common.util.concurrent.AbstractFuture$Cancellation                   : loaded 2 times (x 74B)
Class com.google.common.collect.ImmutableMap$Builder                                  : loaded 2 times (x 84B)
Class com.google.common.cache.RemovalListener                                         : loaded 2 times (x 72B)
Class [Lcom.google.gson.ToNumberPolicy;                                               : loaded 2 times (x 71B)
Class com.google.gson.ToNumberPolicy                                                  : loaded 2 times (x 85B)
Class org.jetbrains.plugins.gradle.tooling.serialization.RepositoriesModelSerializationService: loaded 2 times (x 84B)
Class com.android.ide.gradle.model.artifacts.AdditionalClassifierArtifactsModel       : loaded 2 times (x 72B)
Class org.gradle.tooling.internal.gradle.GradleProjectIdentity                        : loaded 2 times (x 72B)
Class org.gradle.api.internal.DefaultClassPathRegistry                                : loaded 2 times (x 78B)
Class com.google.common.primitives.IntsMethodsForWeb                                  : loaded 2 times (x 73B)
Class com.google.common.collect.ImmutableMap$MapViewOfValuesAsSingletonSets           : loaded 2 times (x 128B)
Class io.opentelemetry.api.internal.AutoValue_ImmutableSpanContext                    : loaded 2 times (x 94B)
Class org.jetbrains.plugins.gradle.tooling.serialization.RepositoriesModelSerializationService$ReadContext: loaded 2 times (x 74B)
Class org.gradle.internal.classpath.DefaultClassPath$ImmutableUniqueList              : loaded 2 times (x 201B)
Class org.gradle.api.internal.ClassPathRegistry                                       : loaded 2 times (x 72B)
Class jdk.internal.jimage.decompressor.ResourceDecompressor                           : loaded 2 times (x 72B)
Class com.google.common.base.ExtraObjectsMethodsForWeb                                : loaded 2 times (x 73B)
Class com.intellij.gradle.toolingExtension.impl.model.projectModel.GradleExternalProjectSerializationService$WriteContext: loaded 2 times (x 75B)
Class com.google.common.collect.NullnessCasts                                         : loaded 2 times (x 73B)
Class com.google.common.collect.RegularImmutableMap                                   : loaded 2 times (x 122B)
Class com.android.builder.model.v2.models.AndroidProject                              : loaded 2 times (x 72B)
Class com.android.builder.model.v2.AndroidModel                                       : loaded 2 times (x 72B)
Class com.google.gson.stream.MalformedJsonException                                   : loaded 2 times (x 84B)
Class com.google.common.cache.CacheBuilder                                            : loaded 2 times (x 74B)
Class com.google.gson.internal.bind.ArrayTypeAdapter$1                                : loaded 2 times (x 77B)
Class com.google.gson.internal.bind.JsonTreeWriter                                    : loaded 2 times (x 100B)
Class Settings_gradle$1                                                               : loaded 2 times (x 76B)
Class io.opentelemetry.api.trace.ImmutableTraceFlags                                  : loaded 2 times (x 79B)
Class kotlin.collections.SetsKt                                                       : loaded 2 times (x 73B)
Class org.gradle.internal.classpath.ClassPath                                         : loaded 2 times (x 72B)
Class com.google.common.base.JdkPattern                                               : loaded 2 times (x 77B)
Class com.google.common.io.ByteArrayDataOutput                                        : loaded 2 times (x 72B)
Class org.jetbrains.plugins.gradle.model.ExternalProjectDependency                    : loaded 2 times (x 72B)
Class org.jetbrains.plugins.gradle.tooling.serialization.KotlinDslScriptsModelSerializationService: loaded 2 times (x 83B)
Class kotlin.reflect.KFunction                                                        : loaded 2 times (x 72B)
Class kotlin.collections.ArrayDeque                                                   : loaded 2 times (x 209B)
Class org.jetbrains.kotlin.cli.common.arguments.Freezable                             : loaded 2 times (x 74B)
Class org.objectweb.asm.SymbolTable$Entry                                             : loaded 2 times (x 75B)
Class org.jetbrains.kotlin.idea.gradleTooling.KotlinGradleModel                       : loaded 2 times (x 72B)
Class [Lio.opentelemetry.api.trace.TraceFlags;                                        : loaded 2 times (x 71B)
Class [Lio.opentelemetry.context.ContextStorage;                                      : loaded 2 times (x 71B)
Class com.intellij.platform.diagnostic.telemetry.rt.context.TelemetryContext          : loaded 2 times (x 135B)
Class org.jetbrains.plugins.gradle.tooling.serialization.ExternalTestsSerializationService$WriteContext: loaded 2 times (x 74B)
Class kotlin.collections.MapsKt__MapsKt                                               : loaded 2 times (x 73B)
Class org.gradle.api.internal.classpath.DefaultModuleRegistry$DefaultModuleAlias      : loaded 2 times (x 82B)
Class org.objectweb.asm.Edge                                                          : loaded 2 times (x 74B)
Class org.gradle.tooling.internal.adapter.ProtocolToModelAdapter$InvocationHandlerImpl: loaded 2 times (x 79B)
Class com.google.common.base.Suppliers$SupplierOfInstance                             : loaded 2 times (x 81B)
Class com.google.gson.internal.bind.ReflectiveTypeAdapterFactory                      : loaded 2 times (x 77B)
Class com.google.gson.internal.sql.SqlTimestampTypeAdapter                            : loaded 2 times (x 78B)
Class jdk.internal.jimage.ImageStringsReader                                          : loaded 2 times (x 82B)
Class io.opentelemetry.context.ThreadLocalContextStorage                              : loaded 2 times (x 87B)
Class org.gradle.tooling.model.Model                                                  : loaded 2 times (x 72B)
Class org.gradle.tooling.model.build.GradleEnvironment                                : loaded 2 times (x 72B)
Class com.google.common.cache.LocalCache$ComputingValueReference                      : loaded 2 times (x 98B)
Class com.google.gson.internal.sql.SqlDateTypeAdapter$1                               : loaded 2 times (x 77B)
Class com.google.common.collect.ImmutableMap$IteratorBasedImmutableMap                : loaded 2 times (x 128B)
Class com.android.ide.gradle.model.composites.BuildMap                                : loaded 2 times (x 72B)
Class kotlin.text.MatchResult$Destructured                                            : loaded 2 times (x 74B)
Class kotlin.Metadata                                                                 : loaded 2 times (x 72B)
Class kotlin.UninitializedPropertyAccessException                                     : loaded 2 times (x 84B)
Class com.android.builder.model.v2.models.Versions                                    : loaded 2 times (x 72B)
Class com.google.common.cache.LocalCache$Segment                                      : loaded 2 times (x 155B)
Class kotlinx.coroutines.flow.MutableSharedFlow                                       : loaded 2 times (x 72B)
Class jdk.internal.jimage.ImageReader                                                 : loaded 2 times (x 77B)
Class io.opentelemetry.context.Context                                                : loaded 2 times (x 72B)
Class org.jetbrains.plugins.gradle.model.IntelliJProjectSettings                      : loaded 2 times (x 72B)
Class org.gradle.tooling.internal.adapter.ProtocolToModelAdapter$MethodInvocationCache: loaded 2 times (x 75B)
Class com.android.builder.model.v2.models.ndk.NativeModule                            : loaded 2 times (x 72B)
Class com.google.common.collect.AbstractListMultimap                                  : loaded 2 times (x 173B)
Class [Lorg.objectweb.asm.SymbolTable$Entry;                                          : loaded 2 times (x 71B)
Class org.jetbrains.plugins.gradle.tooling.util.IntObjectMap$ObjectFactory            : loaded 2 times (x 72B)
Class com.google.common.cache.CacheLoader                                             : loaded 2 times (x 76B)
Class com.google.gson.internal.bind.ReflectiveTypeAdapterFactory$Adapter              : loaded 2 times (x 79B)
Class com.google.gson.internal.bind.TypeAdapters$10                                   : loaded 2 times (x 77B)
Class com.google.common.collect.ImmutableBiMap                                        : loaded 2 times (x 145B)
Class jdk.internal.jimage.ImageReader$SharedImageReader                               : loaded 2 times (x 97B)
Class org.jetbrains.plugins.gradle.model.ExternalDependency                           : loaded 2 times (x 72B)
Class com.intellij.util.containers.IntObjectHashMap                                   : loaded 2 times (x 74B)
Class com.google.common.collect.SortedIterable                                        : loaded 2 times (x 72B)
Class org.gradle.api.internal.classpath.ModuleRegistry                                : loaded 2 times (x 72B)
Class org.gradle.internal.installation.GradleInstallation$1                           : loaded 2 times (x 77B)
Class com.google.common.collect.ImmutableSet$JdkBackedSetBuilderImpl                  : loaded 2 times (x 78B)
Class com.google.common.util.concurrent.internal.InternalFutureFailureAccess          : loaded 2 times (x 74B)
Class [Lio.opentelemetry.api.trace.ImmutableTraceFlags;                               : loaded 2 times (x 71B)
Class com.google.gson.internal.bind.TypeAdapters$11                                   : loaded 2 times (x 77B)
Class [Lcom.google.gson.FieldNamingPolicy;                                            : loaded 2 times (x 71B)
Class com.android.ide.common.repository.AgpVersion$PreviewKind$Companion              : loaded 2 times (x 73B)
Class jdk.internal.jimage.decompressor.ResourceDecompressorFactory                    : loaded 2 times (x 76B)
Class org.jetbrains.plugins.gradle.model.VersionCatalogsModel                         : loaded 2 times (x 72B)
Class com.intellij.gradle.toolingExtension.impl.model.sourceSetDependencyModel.GradleSourceSetDependencySerialisationService$SourceSetDependencyModelReadContext: loaded 2 times (x 74B)
Class com.intellij.gradle.toolingExtension.impl.model.dependencyModel.DependencyReadContext: loaded 2 times (x 74B)
Class org.gradle.tooling.internal.adapter.ObjectGraphAdapter                          : loaded 2 times (x 72B)
Class com.google.common.cache.LocalCache$LocalManualCache$1                           : loaded 2 times (x 77B)
Class com.google.common.base.CharMatcher$ForPredicate                                 : loaded 2 times (x 114B)
Class com.google.gson.internal.bind.TypeAdapters$12                                   : loaded 2 times (x 77B)
Class [Lcom.google.gson.ToNumberStrategy;                                             : loaded 2 times (x 71B)
Class org.jetbrains.plugins.gradle.model.ProjectImportModelProvider                   : loaded 2 times (x 72B)
Class org.jetbrains.plugins.gradle.model.ExternalSourceSet                            : loaded 2 times (x 72B)
Class com.intellij.gradle.toolingExtension.impl.model.warmUp.GradleTaskWarmUpRequest  : loaded 2 times (x 72B)
Class com.google.common.collect.ImmutableSortedAsList                                 : loaded 2 times (x 223B)
Class kotlin.text.RegexKt                                                             : loaded 2 times (x 73B)
Class kotlin.coroutines.intrinsics.IntrinsicsKt__IntrinsicsKt                         : loaded 2 times (x 73B)
Class com.google.common.base.CharMatcher$AnyOf                                        : loaded 2 times (x 114B)
Class com.google.gson.internal.bind.TypeAdapters$13                                   : loaded 2 times (x 77B)
Class com.google.gson.JsonObject                                                      : loaded 2 times (x 95B)
Class jdk.internal.jimage.ImageReader$Node                                            : loaded 2 times (x 86B)
Class com.intellij.gradle.toolingExtension.impl.model.sourceSetArtifactIndex.GradleSourceSetArtifactBuildRequest: loaded 2 times (x 72B)
Class com.google.common.collect.Lists$TransformingRandomAccessList                    : loaded 2 times (x 201B)
Class kotlin.collections.CollectionsKt__CollectionsJVMKt                              : loaded 2 times (x 73B)
Class org.gradle.tooling.model.idea.BasicIdeaProject                                  : loaded 2 times (x 72B)
Class org.gradle.api.internal.classpath.DefaultModuleRegistry                         : loaded 2 times (x 86B)
Class kotlinx.coroutines.flow.CancellableFlow                                         : loaded 2 times (x 72B)
Class com.google.common.util.concurrent.ListenableFuture                              : loaded 2 times (x 72B)
Class com.google.common.cache.ReferenceEntry                                          : loaded 2 times (x 72B)
Class com.google.gson.internal.bind.NumberTypeAdapter$1                               : loaded 2 times (x 78B)
Class com.google.gson.internal.bind.TypeAdapters$1                                    : loaded 2 times (x 77B)
Class com.google.gson.internal.bind.TypeAdapters$14                                   : loaded 2 times (x 77B)
Class com.google.common.base.Converter                                                : loaded 2 times (x 92B)
Class kotlinx.coroutines.flow.internal.AbstractSharedFlow                             : loaded 2 times (x 76B)
Class jdk.internal.jimage.BasicImageReader$1                                          : loaded 2 times (x 79B)
Class org.jetbrains.plugins.gradle.tooling.serialization.internal.IdeaProjectSerializationService$WriteContext$1: loaded 2 times (x 85B)
Class org.jetbrains.plugins.gradle.model.ExternalProject                              : loaded 2 times (x 72B)
Class kotlin.sequences.SequencesKt                                                    : loaded 2 times (x 73B)
Class kotlin.collections.CollectionsKt__IteratorsKt                                   : loaded 2 times (x 73B)
Class com.google.common.collect.AbstractMapBasedMultimap                              : loaded 2 times (x 140B)
Class com.google.common.util.concurrent.AbstractFuture                                : loaded 2 times (x 108B)
Class com.google.common.util.concurrent.ExecutionError                                : loaded 2 times (x 84B)
Class com.google.common.collect.ImmutableEnumSet                                      : loaded 2 times (x 148B)
Class com.google.common.base.FunctionalEquivalence                                    : loaded 2 times (x 85B)
Class com.google.gson.Strictness                                                      : loaded 2 times (x 81B)
Class com.google.gson.internal.sql.SqlTypesSupport$1                                  : loaded 2 times (x 76B)
Class com.google.gson.internal.bind.TypeAdapters$2                                    : loaded 2 times (x 77B)
Class com.google.gson.internal.bind.TypeAdapters$15                                   : loaded 2 times (x 77B)
Class org.jetbrains.plugins.gradle.tooling.serialization.internal.IdeaProjectSerializationService$WriteContext$2: loaded 2 times (x 85B)
Class org.objectweb.asm.RecordComponentVisitor                                        : loaded 2 times (x 79B)
Class com.google.common.cache.CacheLoader$SupplierToCacheLoader                       : loaded 2 times (x 77B)
Class com.google.gson.internal.sql.SqlTypesSupport$2                                  : loaded 2 times (x 76B)
Class com.google.gson.internal.bind.TypeAdapters$16                                   : loaded 2 times (x 77B)
Class com.google.gson.internal.bind.TypeAdapters$3                                    : loaded 2 times (x 77B)
Class [Lio.opentelemetry.context.Scope;                                               : loaded 2 times (x 71B)
Class org.jetbrains.plugins.gradle.tooling.serialization.AnnotationProcessingModelSerializationService$ReadContext: loaded 2 times (x 74B)
Class org.jetbrains.plugins.gradle.tooling.serialization.internal.IdeaProjectSerializationService$WriteContext$3: loaded 2 times (x 85B)
Class gnu.trove.TObjectHash$NULL                                                      : loaded 2 times (x 73B)
Class org.gradle.util.internal.DefaultGradleVersion$Stage                             : loaded 2 times (x 77B)
Class kotlin.coroutines.jvm.internal.RestrictedContinuationImpl                       : loaded 2 times (x 89B)
Class org.gradle.tooling.model.GradleProject                                          : loaded 2 times (x 72B)
Class com.google.gson.internal.bind.TypeAdapters$17                                   : loaded 2 times (x 77B)
Class com.google.gson.internal.bind.TypeAdapters$4                                    : loaded 2 times (x 77B)
Class jdk.internal.jimage.decompressor.Decompressor                                   : loaded 2 times (x 74B)
Class org.jetbrains.kotlin.idea.gradleTooling.AndroidAwareGradleModelProvider         : loaded 2 times (x 81B)
Class com.intellij.gradle.toolingExtension.impl.telemetry.GradleOpenTelemetry         : loaded 2 times (x 74B)
Class org.jetbrains.plugins.gradle.tooling.serialization.internal.IdeaProjectSerializationService$WriteContext$4: loaded 2 times (x 85B)
Class com.intellij.gradle.toolingExtension.impl.model.sourceSetDependencyModel.GradleSourceSetDependencySerialisationService$Companion: loaded 2 times (x 73B)
Class com.google.common.collect.UsingToStringOrdering                                 : loaded 2 times (x 116B)
Class kotlin.text.MatchNamedGroupCollection                                           : loaded 2 times (x 72B)
Class kotlin.jvm.internal.markers.KMutableList                                        : loaded 2 times (x 72B)
Class org.gradle.internal.time.MonotonicClock                                         : loaded 2 times (x 79B)
Class org.gradle.internal.service.ServiceLookupException                              : loaded 2 times (x 84B)
Class com.google.gson.annotations.JsonAdapter                                         : loaded 2 times (x 72B)
Class [Lcom.google.common.cache.LocalCache$EntryFactory;                              : loaded 2 times (x 71B)
Class com.google.gson.internal.bind.SerializationDelegatingTypeAdapter                : loaded 2 times (x 76B)
Class com.google.gson.internal.bind.TypeAdapters$18                                   : loaded 2 times (x 77B)
Class com.google.gson.internal.bind.TypeAdapters$5                                    : loaded 2 times (x 77B)
Class com.intellij.gradle.toolingExtension.util.GradleVersionSpecificsUtil            : loaded 2 times (x 73B)
Class io.opentelemetry.context.ContextStorage                                         : loaded 2 times (x 72B)
Class org.jetbrains.plugins.gradle.tooling.serialization.internal.IdeaProjectSerializationService$WriteContext$5: loaded 2 times (x 85B)
Class com.android.builder.model.v2.models.VariantDependenciesAdjacencyList            : loaded 2 times (x 72B)
Class com.google.common.collect.ImmutableSortedSet                                    : loaded 2 times (x 302B)
Class org.gradle.internal.classloader.ClassLoaderFactory                              : loaded 2 times (x 72B)
Class com.google.common.base.CommonPattern                                            : loaded 2 times (x 76B)
Class com.google.common.cache.LocalCache$LocalManualCache                             : loaded 2 times (x 101B)
Class com.google.common.base.CharMatcher$IsNot                                        : loaded 2 times (x 113B)
Class kotlinx.coroutines.flow.internal.FusibleFlow                                    : loaded 2 times (x 72B)
Class com.google.gson.internal.bind.ReflectiveTypeAdapterFactory$FieldReflectionAdapter: loaded 2 times (x 79B)
Class com.google.gson.internal.bind.TypeAdapters$19                                   : loaded 2 times (x 77B)
Class com.google.gson.internal.bind.TypeAdapters$6                                    : loaded 2 times (x 77B)
Class org.jetbrains.plugins.gradle.tooling.serialization.internal.IdeaProjectSerializationService$WriteContext$6: loaded 2 times (x 85B)
Class org.jetbrains.plugins.gradle.tooling.util.IntObjectMap                          : loaded 2 times (x 75B)
Class org.gradle.internal.service.CachingServiceLocator                               : loaded 2 times (x 84B)
Class com.google.gson.annotations.SerializedName                                      : loaded 2 times (x 72B)
Class com.google.common.collect.AbstractMapBasedMultimap$KeySet                       : loaded 2 times (x 139B)
Class com.google.common.math.IntMath                                                  : loaded 2 times (x 73B)
Class com.google.gson.internal.bind.TypeAdapters$7                                    : loaded 2 times (x 77B)
Class org.jetbrains.plugins.gradle.model.RepositoryModels                             : loaded 2 times (x 72B)
Class org.jetbrains.plugins.gradle.tooling.serialization.internal.IdeaProjectSerializationService$WriteContext$7: loaded 2 times (x 85B)
Class com.google.common.collect.RegularImmutableSortedSet                             : loaded 2 times (x 302B)
Class kotlin.collections.AbstractList$SubList                                         : loaded 2 times (x 200B)
Class kotlin.jvm.internal.CallableReference                                           : loaded 2 times (x 112B)
Class com.google.gson.internal.bind.CollectionTypeAdapterFactory$Adapter              : loaded 2 times (x 76B)
Class com.google.gson.internal.bind.TypeAdapters$8                                    : loaded 2 times (x 77B)
Class com.google.common.collect.ImmutableMapEntry                                     : loaded 2 times (x 87B)
Class org.jetbrains.plugins.gradle.tooling.serialization.internal.IdeaProjectSerializationService$WriteContext$8: loaded 2 times (x 85B)
Class gnu.trove.TObjectIntProcedure                                                   : loaded 2 times (x 72B)
Class org.gradle.tooling.model.idea.IdeaDependencyScope                               : loaded 2 times (x 72B)
Class org.gradle.internal.time.TimeSource                                             : loaded 2 times (x 72B)
Class org.gradle.tooling.model.kotlin.dsl.KotlinDslScriptsModel                       : loaded 2 times (x 72B)
Class com.google.common.base.Equivalence                                              : loaded 2 times (x 84B)
Class com.google.gson.internal.bind.TypeAdapters$9                                    : loaded 2 times (x 77B)
Class org.gradle.internal.classloader.ClassLoaderHierarchy                            : loaded 2 times (x 72B)
Class com.google.common.collect.ImmutableMapEntry$NonTerminalImmutableMapEntry        : loaded 2 times (x 87B)
Class org.jetbrains.plugins.gradle.tooling.serialization.SerializationService         : loaded 2 times (x 72B)
Class org.gradle.tooling.internal.gradle.GradleBuildIdentity                          : loaded 2 times (x 72B)
Class kotlin.enums.EnumEntries                                                        : loaded 2 times (x 72B)
Class kotlin.collections.CollectionsKt__ReversedViewsKt                               : loaded 2 times (x 73B)
Class com.google.common.cache.CacheBuilder$OneWeigher                                 : loaded 2 times (x 84B)
Class com.google.gson.JsonParseException                                              : loaded 2 times (x 84B)
Class org.jetbrains.plugins.gradle.tooling.serialization.internal.adapter.Supplier    : loaded 2 times (x 72B)
Class org.gradle.tooling.internal.adapter.ProtocolToModelAdapter$MixInMappingAction   : loaded 2 times (x 82B)
Class org.gradle.internal.exceptions.ResolutionProvider                               : loaded 2 times (x 72B)
Class jdk.internal.jimage.ImageBufferCache                                            : loaded 2 times (x 73B)
Class jdk.internal.jrtfs.JrtPath                                                      : loaded 2 times (x 124B)
Class kotlin.text.MatchResult$DefaultImpls                                            : loaded 2 times (x 73B)
Class org.gradle.tooling.model.idea.IdeaCompilerOutput                                : loaded 2 times (x 72B)
Class org.gradle.tooling.model.ProjectIdentifier                                      : loaded 2 times (x 72B)
Class org.gradle.internal.classloader.ClasspathUtil                                   : loaded 2 times (x 73B)
Class org.objectweb.asm.tree.MethodNode                                               : loaded 2 times (x 111B)
Class com.google.common.util.concurrent.Uninterruptibles                              : loaded 2 times (x 73B)
Class org.jetbrains.kotlin.tooling.core.HasExtras                                     : loaded 2 times (x 72B)
Class com.android.builder.model.v2.ide.ProjectType                                    : loaded 2 times (x 81B)
Class com.intellij.gradle.toolingExtension.impl.model.sourceSetModel.GradleSourceSetSerialisationService: loaded 2 times (x 79B)
Class com.google.common.util.concurrent.LazyLogger                                    : loaded 2 times (x 74B)
Class com.google.common.collect.Maps                                                  : loaded 2 times (x 73B)
Class io.opentelemetry.context.propagation.TextMapGetter                              : loaded 2 times (x 72B)
Class org.gradle.internal.time.TimeSource$1                                           : loaded 2 times (x 79B)
Class kotlin.jvm.internal.DefaultConstructorMarker                                    : loaded 2 times (x 73B)
Class org.gradle.api.specs.Spec                                                       : loaded 2 times (x 72B)
Class com.google.gson.internal.sql.SqlDateTypeAdapter                                 : loaded 2 times (x 76B)
Class [Lcom.google.common.collect.ImmutableEntry;                                     : loaded 2 times (x 71B)
Class io.opentelemetry.context.ThreadLocalContextStorage$ScopeImpl                    : loaded 2 times (x 81B)
Class com.google.common.cache.LocalCache$LoadingValueReference                        : loaded 2 times (x 98B)
Class com.intellij.gradle.toolingExtension.impl.model.buildScriptClasspathModel.GradleBuildScriptClasspathSerializationService: loaded 2 times (x 79B)
Class com.google.common.base.Platform                                                 : loaded 2 times (x 73B)
Class kotlinx.coroutines.internal.Symbol                                              : loaded 2 times (x 74B)
Class com.google.gson.internal.bind.ReflectiveTypeAdapterFactory$RecordAdapter        : loaded 2 times (x 79B)
Class jdk.internal.jimage.decompressor.ResourceDecompressorRepository                 : loaded 2 times (x 73B)
Class org.jetbrains.plugins.gradle.model.FileCollectionDependency                     : loaded 2 times (x 72B)
Class io.opentelemetry.api.trace.SpanBuilder                                          : loaded 2 times (x 72B)
Class io.opentelemetry.api.DefaultOpenTelemetry                                       : loaded 2 times (x 91B)
Class com.intellij.gradle.toolingExtension.impl.model.utilDummyModel.DummyModel       : loaded 2 times (x 72B)
Class org.gradle.internal.time.Clock                                                  : loaded 2 times (x 72B)
Class org.gradle.tooling.model.BuildModel                                             : loaded 2 times (x 72B)
Class com.google.gson.internal.reflect.ReflectionHelper$RecordNotSupportedHelper      : loaded 2 times (x 80B)
Class [Lorg.objectweb.asm.AnnotationWriter;                                           : loaded 2 times (x 71B)
Class com.google.gson.JsonIOException                                                 : loaded 2 times (x 84B)
Class com.google.common.collect.Maps$8                                                : loaded 2 times (x 84B)
Class jdk.internal.jimage.ImageReader$Directory                                       : loaded 2 times (x 86B)
Class io.opentelemetry.context.propagation.TextMapPropagator                          : loaded 2 times (x 72B)
Class org.jetbrains.plugins.gradle.model.GradleSourceSetDependencyModel               : loaded 2 times (x 72B)
Class com.google.common.collect.CompoundOrdering                                      : loaded 2 times (x 117B)
Class kotlin.sequences.SequencesKt__SequencesJVMKt                                    : loaded 2 times (x 73B)
Class kotlin.coroutines.jvm.internal.RestrictedSuspendLambda                          : loaded 2 times (x 93B)
Class org.gradle.tooling.internal.adapter.TypeInspector                               : loaded 2 times (x 75B)
Class org.gradle.tooling.internal.adapter.ProtocolToModelAdapter$NoOpDecoration       : loaded 2 times (x 81B)
Class org.gradle.tooling.model.Element                                                : loaded 2 times (x 72B)
Class kotlin.collections.AbstractList                                                 : loaded 2 times (x 199B)
Class kotlin.collections.AbstractCollection                                           : loaded 2 times (x 119B)
Class com.google.common.collect.Sets$SetView                                          : loaded 2 times (x 141B)
Class com.google.common.cache.LocalCache$StrongValueReference                         : loaded 2 times (x 92B)
Class org.jetbrains.kotlin.tooling.core.Extras                                        : loaded 2 times (x 72B)
Class io.opentelemetry.context.ArrayBasedContext                                      : loaded 2 times (x 102B)
Class com.intellij.gradle.toolingExtension.impl.model.taskModel.GradleTaskSerialisationService: loaded 2 times (x 78B)
Class com.android.ide.gradle.model.LegacyV1AgpVersionModel                            : loaded 2 times (x 72B)
Class com.google.common.collect.ImmutableRangeSet$Builder                             : loaded 2 times (x 79B)
Class kotlin.text.Regex                                                               : loaded 2 times (x 74B)
Class kotlin.sequences.SequencesKt__SequenceBuilderKt$sequence$$inlined$Sequence$1    : loaded 2 times (x 77B)
Class kotlin.Triple                                                                   : loaded 2 times (x 74B)
Class org.objectweb.asm.Type                                                          : loaded 2 times (x 74B)
Class com.google.gson.LongSerializationPolicy$1                                       : loaded 2 times (x 82B)
Class org.jetbrains.plugins.gradle.tooling.util.IntObjectMap$1                        : loaded 2 times (x 79B)
Class org.gradle.tooling.model.internal.ImmutableDomainObjectSet                      : loaded 2 times (x 157B)
Class org.gradle.internal.classloader.VisitableURLClassLoader$InstrumentingVisitableURLClassLoader: loaded 2 times (x 124B)
Class com.android.builder.model.v2.ide.BasicVariant                                   : loaded 2 times (x 72B)
Class com.google.common.math.IntMath$1                                                : loaded 2 times (x 73B)
Class org.objectweb.asm.ByteVector                                                    : loaded 2 times (x 81B)
Class [Lcom.google.common.cache.CacheBuilder$NullListener;                            : loaded 2 times (x 71B)
Class com.google.gson.LongSerializationPolicy$2                                       : loaded 2 times (x 82B)
Class io.opentelemetry.api.trace.SpanId                                               : loaded 2 times (x 73B)
Class kotlin.ranges.RangesKt__RangesKt                                                : loaded 2 times (x 73B)
Class kotlin.collections.SetsKt___SetsKt                                              : loaded 2 times (x 73B)
Class kotlin.sequences.SequencesKt__SequencesKt                                       : loaded 2 times (x 73B)
Class kotlin.coroutines.Continuation                                                  : loaded 2 times (x 72B)
Class org.gradle.internal.classloader.VisitableURLClassLoader$Spec                    : loaded 2 times (x 76B)
Class org.gradle.internal.classpath.DefaultClassPath                                  : loaded 2 times (x 92B)
Class com.android.builder.model.v2.ide.SourceProvider                                 : loaded 2 times (x 72B)
Class org.objectweb.asm.Symbol                                                        : loaded 2 times (x 75B)
Class jdk.internal.jimage.decompressor.ZipDecompressorFactory                         : loaded 2 times (x 76B)
Class org.jetbrains.plugins.gradle.model.GradleBuildScriptClasspathModel              : loaded 2 times (x 72B)
Class kotlin.coroutines.jvm.internal.BaseContinuationImpl                             : loaded 2 times (x 89B)
Class kotlin.Result$Companion                                                         : loaded 2 times (x 73B)
Class org.gradle.util.internal.DefaultGradleVersion                                   : loaded 2 times (x 84B)
Class com.google.common.base.CharMatcher$BitSetMatcher                                : loaded 2 times (x 114B)
Class [Lcom.google.gson.Strictness;                                                   : loaded 2 times (x 71B)
Class com.google.gson.reflect.TypeToken                                               : loaded 2 times (x 77B)
Class com.google.common.collect.RegularImmutableMap$Values                            : loaded 2 times (x 209B)
Class kotlin.sequences.SequencesKt__SequenceBuilderKt                                 : loaded 2 times (x 73B)
Class [Lio.opentelemetry.context.ThreadLocalContextStorage;                           : loaded 2 times (x 71B)
Class org.gradle.internal.classloader.ClassLoaderSpec                                 : loaded 2 times (x 73B)
Class org.objectweb.asm.AnnotationWriter                                              : loaded 2 times (x 80B)
Class com.google.common.cache.CacheStats                                              : loaded 2 times (x 73B)
Class com.google.gson.internal.sql.SqlTimestampTypeAdapter$1                          : loaded 2 times (x 77B)
Class com.google.gson.JsonPrimitive                                                   : loaded 2 times (x 95B)
Class kotlin.jvm.internal.FunctionReferenceImpl                                       : loaded 2 times (x 128B)
Class kotlin.collections.CollectionsKt___CollectionsJvmKt                             : loaded 2 times (x 73B)
Class [Lcom.google.gson.ReflectionAccessFilter$FilterResult;                          : loaded 2 times (x 71B)
Class org.objectweb.asm.RecordComponentWriter                                         : loaded 2 times (x 79B)
Class com.google.common.util.concurrent.AbstractFuture$Listener                       : loaded 2 times (x 74B)
Class com.google.common.base.CharMatcher$Or                                           : loaded 2 times (x 114B)
Class com.google.gson.JsonElement                                                     : loaded 2 times (x 94B)
Class Settings_gradle$1$1                                                             : loaded 2 times (x 76B)
Class io.opentelemetry.api.trace.Tracer                                               : loaded 2 times (x 72B)
Class kotlin.TuplesKt                                                                 : loaded 2 times (x 73B)
Class kotlin.jvm.internal.markers.KMutableIterable                                    : loaded 2 times (x 72B)
Class kotlin.Unit                                                                     : loaded 2 times (x 73B)
Class kotlin.sequences.SequencesKt___SequencesJvmKt                                   : loaded 2 times (x 73B)
Class org.gradle.tooling.internal.adapter.ProtocolToModelAdapter$DefaultViewBuilder   : loaded 2 times (x 82B)
Class org.gradle.api.internal.classpath.Module$ModuleAlias                            : loaded 2 times (x 72B)
Class [Lorg.objectweb.asm.Label;                                                      : loaded 2 times (x 71B)
Class org.objectweb.asm.Attribute                                                     : loaded 2 times (x 79B)
Class com.google.common.base.Supplier                                                 : loaded 2 times (x 72B)
Class com.google.gson.internal.bind.CollectionTypeAdapterFactory                      : loaded 2 times (x 77B)
Class io.opentelemetry.api.trace.ArrayBasedTraceState                                 : loaded 2 times (x 88B)
Class io.opentelemetry.context.ContextKey                                             : loaded 2 times (x 72B)
Class io.opentelemetry.context.propagation.TextMapSetter                              : loaded 2 times (x 72B)
Class kotlin.ranges.RangesKt                                                          : loaded 2 times (x 73B)
Class org.gradle.tooling.internal.adapter.ProtocolToModelAdapter$ViewGraphDetails$1   : loaded 2 times (x 79B)
Class org.gradle.internal.classloader.VisitableURLClassLoader                         : loaded 2 times (x 118B)
Class kotlinx.coroutines.flow.FlowCollector                                           : loaded 2 times (x 72B)
Class com.android.ide.common.repository.AgpVersion$Companion                          : loaded 2 times (x 73B)
Class Settings_gradle                                                                 : loaded 2 times (x 126B)
Class org.jetbrains.plugins.gradle.tooling.serialization.ExternalTestsSerializationService$ReadContext: loaded 2 times (x 74B)
Class kotlin.sequences.FlatteningSequence$iterator$1                                  : loaded 2 times (x 81B)
Class kotlin.jvm.functions.Function0                                                  : loaded 2 times (x 72B)
Class kotlin.collections.ArraysUtilJVM                                                : loaded 2 times (x 73B)
Class com.intellij.gradle.toolingExtension.impl.model.sourceSetModel.GradleSourceSetSerialisationService$Companion: loaded 2 times (x 73B)
Class jdk.internal.jimage.BasicImageReader                                            : loaded 2 times (x 97B)
Class org.gradle.tooling.model.eclipse.EclipseProject                                 : loaded 2 times (x 72B)
Class org.gradle.tooling.model.idea.IdeaDependency                                    : loaded 2 times (x 72B)
Class com.google.common.base.Strings                                                  : loaded 2 times (x 73B)
Class com.google.common.collect.Sets                                                  : loaded 2 times (x 73B)
Class org.objectweb.asm.Handler                                                       : loaded 2 times (x 74B)
Class com.google.common.base.Ticker                                                   : loaded 2 times (x 74B)
Class com.google.common.base.CharMatcher$FastMatcher                                  : loaded 2 times (x 113B)
Class com.google.gson.internal.bind.TreeTypeAdapter                                   : loaded 2 times (x 77B)
Class com.google.gson.internal.sql.SqlTimeTypeAdapter                                 : loaded 2 times (x 76B)
Class jdk.internal.jimage.decompressor.ZipDecompressor                                : loaded 2 times (x 77B)
Class kotlin.collections.AbstractMutableList                                          : loaded 2 times (x 208B)
Class kotlin.jvm.functions.Function1                                                  : loaded 2 times (x 72B)
Class [Lcom.google.common.cache.LocalCache$Segment;                                   : loaded 2 times (x 71B)
Class [Lcom.google.common.cache.LocalCache$Strength;                                  : loaded 2 times (x 71B)
Class com.google.common.cache.CacheBuilder$1                                          : loaded 2 times (x 87B)
Class com.google.common.base.CharMatcher$IsEither                                     : loaded 2 times (x 113B)
Class com.google.gson.internal.bind.TypeAdapters$20                                   : loaded 2 times (x 77B)
Class com.google.common.collect.ImmutableMap                                          : loaded 2 times (x 122B)
Class io.opentelemetry.api.trace.ArrayBasedTraceStateBuilder                          : loaded 2 times (x 79B)
Class org.jetbrains.plugins.gradle.tooling.serialization.internal.IdeaProjectSerializationService$WriteContext: loaded 2 times (x 74B)
Class com.intellij.gradle.toolingExtension.impl.model.sourceSetDependencyModel.GradleSourceSetDependencySerialisationService: loaded 2 times (x 79B)
Class org.jetbrains.plugins.gradle.model.GradleSourceSetModel                         : loaded 2 times (x 72B)
Class kotlin.jvm.functions.Function2                                                  : loaded 2 times (x 72B)
Class org.gradle.internal.classpath.DefaultClassPath$ImmutableUniqueList$Builder      : loaded 2 times (x 77B)
Class com.google.common.cache.LocalCache                                              : loaded 2 times (x 188B)
Class com.google.common.cache.CacheBuilder$2                                          : loaded 2 times (x 81B)
Class com.google.common.base.CharMatcher$NegatedFastMatcher                           : loaded 2 times (x 115B)
Class com.google.gson.internal.bind.TypeAdapters$21                                   : loaded 2 times (x 77B)
Class com.google.gson.FieldNamingPolicy$1                                             : loaded 2 times (x 85B)
Class io.opentelemetry.api.trace.TracerProvider                                       : loaded 2 times (x 72B)
Class com.android.ide.gradle.model.dependencies.Coordinates                           : loaded 2 times (x 72B)
Class com.google.common.collect.AbstractRangeSet                                      : loaded 2 times (x 116B)
Class kotlin.collections.MapsKt___MapsJvmKt                                           : loaded 2 times (x 73B)
Class org.gradle.tooling.internal.adapter.WeakIdentityHashMap$AbsentValueProvider     : loaded 2 times (x 72B)
Class org.jetbrains.kotlin.cli.common.arguments.K2JVMCompilerArguments                : loaded 2 times (x 77B)
Class com.google.common.collect.ArrayListMultimap                                     : loaded 2 times (x 173B)
Class com.google.common.cache.CacheBuilder$3                                          : loaded 2 times (x 74B)
Class com.google.gson.internal.bind.TypeAdapters$22                                   : loaded 2 times (x 77B)
Class com.google.gson.FieldNamingPolicy$2                                             : loaded 2 times (x 85B)
Class com.google.gson.internal.Excluder$1                                             : loaded 2 times (x 76B)
Class [Lcom.google.common.collect.AbstractMapEntry;                                   : loaded 2 times (x 71B)
Class com.google.common.collect.ImmutableEntry                                        : loaded 2 times (x 84B)
Class io.opentelemetry.api.trace.AutoValue_ArrayBasedTraceState                       : loaded 2 times (x 89B)
Class gnu.trove.TObjectHash                                                           : loaded 2 times (x 96B)
Class org.jetbrains.plugins.gradle.tooling.util.ObjectCollector$Processor             : loaded 2 times (x 72B)
Class kotlin.annotation.Target                                                        : loaded 2 times (x 72B)
Class kotlin.collections.CollectionsKt___CollectionsKt                                : loaded 2 times (x 73B)
Class org.gradle.internal.classloader.FilteringClassLoader                            : loaded 2 times (x 106B)
Class org.gradle.internal.exceptions.NonGradleCauseExceptionsHolder                   : loaded 2 times (x 72B)
Class org.gradle.tooling.model.idea.IdeaModuleDependency                              : loaded 2 times (x 72B)
Class org.gradle.tooling.internal.adapter.ViewBuilder                                 : loaded 2 times (x 72B)
Class com.google.gson.internal.bind.TypeAdapters$23                                   : loaded 2 times (x 77B)
Class com.google.gson.FieldNamingPolicy$3                                             : loaded 2 times (x 85B)
Class com.google.common.collect.CollectPreconditions                                  : loaded 2 times (x 73B)
Class jdk.internal.jimage.ImageStrings                                                : loaded 2 times (x 72B)
Class io.opentelemetry.api.trace.TraceState                                           : loaded 2 times (x 72B)
Class org.jetbrains.plugins.gradle.model.AnnotationProcessingConfig                   : loaded 2 times (x 72B)
Class gnu.trove.Equality                                                              : loaded 2 times (x 72B)
Class kotlin.reflect.KDeclarationContainer                                            : loaded 2 times (x 72B)
Class kotlin.annotation.Retention                                                     : loaded 2 times (x 72B)
Class org.gradle.tooling.model.eclipse.HierarchicalEclipseProject                     : loaded 2 times (x 72B)
Class com.android.builder.model.v2.models.Versions$Version                            : loaded 2 times (x 72B)
Class com.google.gson.internal.bind.TypeAdapters$24                                   : loaded 2 times (x 77B)
Class com.google.gson.FieldNamingPolicy$4                                             : loaded 2 times (x 85B)
Class com.google.common.collect.SortedMapDifference                                   : loaded 2 times (x 72B)
Class io.opentelemetry.context.LazyStorage                                            : loaded 2 times (x 73B)
Class org.jetbrains.plugins.gradle.tooling.ModelBuilderService$Parameter              : loaded 2 times (x 72B)
Class kotlin.collections.MapsKt___MapsKt                                              : loaded 2 times (x 73B)
Class kotlin.collections.ArraysKt___ArraysKt                                          : loaded 2 times (x 73B)
Class org.jetbrains.kotlin.cli.common.arguments.CommonCompilerArguments               : loaded 2 times (x 76B)
Class com.google.common.cache.LocalCache$EntryFactory                                 : loaded 2 times (x 85B)
Class com.google.gson.internal.bind.TypeAdapters$25                                   : loaded 2 times (x 77B)
Class com.google.gson.FieldNamingPolicy$5                                             : loaded 2 times (x 85B)
Class gnu.trove.TObjectHashingStrategy                                                : loaded 2 times (x 72B)
Class kotlin.collections.MapsKt__MapWithDefaultKt                                     : loaded 2 times (x 73B)
Class org.gradle.tooling.internal.adapter.ProtocolToModelAdapter$ReflectionMethodInvoker: loaded 2 times (x 78B)
Class com.google.common.cache.LocalCache$AbstractReferenceEntry                       : loaded 2 times (x 109B)
Class org.jetbrains.kotlin.tooling.core.HasMutableExtras                              : loaded 2 times (x 72B)
Class com.google.gson.internal.bind.ArrayTypeAdapter                                  : loaded 2 times (x 76B)
Class com.google.gson.internal.bind.TypeAdapters$26                                   : loaded 2 times (x 77B)
Class com.google.gson.FieldNamingPolicy$6                                             : loaded 2 times (x 85B)
Class com.google.common.collect.NullsLastOrdering                                     : loaded 2 times (x 117B)
Class kotlin.collections.CollectionsKt__MutableCollectionsJVMKt                       : loaded 2 times (x 73B)
Class kotlin.NotImplementedError                                                      : loaded 2 times (x 84B)
Class kotlin.enums.EnumEntriesKt                                                      : loaded 2 times (x 73B)
Class com.google.gson.internal.reflect.ReflectionHelper                               : loaded 2 times (x 73B)
Class com.android.builder.model.v2.models.VariantDependencies                         : loaded 2 times (x 72B)
Class org.objectweb.asm.SymbolTable                                                   : loaded 2 times (x 74B)
Class kotlin.sequences.FlatteningSequence                                             : loaded 2 times (x 77B)
Class com.google.common.cache.CacheLoader$InvalidCacheLoadException                   : loaded 2 times (x 84B)
Class com.google.gson.internal.bind.TypeAdapters$27                                   : loaded 2 times (x 77B)
Class com.google.gson.FieldNamingPolicy$7                                             : loaded 2 times (x 85B)
Class io.opentelemetry.context.propagation.NoopTextMapPropagator                      : loaded 2 times (x 78B)
Class com.intellij.gradle.toolingExtension.model.repositoryModel.ProjectRepositoriesModel: loaded 2 times (x 72B)
Class org.jetbrains.plugins.gradle.model.GradleProperty                               : loaded 2 times (x 72B)
Class gnu.trove.TObjectCanonicalHashingStrategy                                       : loaded 2 times (x 80B)
Class com.google.common.collect.ImmutableRangeSet$ComplementRanges                    : loaded 2 times (x 209B)
Class com.google.common.cache.LocalCache$StrongEntry                                  : loaded 2 times (x 110B)
Class com.google.common.util.concurrent.AbstractFuture$TrustedFuture                  : loaded 2 times (x 116B)
Class com.google.common.cache.LoadingCache                                            : loaded 2 times (x 72B)
Class [Lcom.google.gson.LongSerializationPolicy;                                      : loaded 2 times (x 71B)
Class kotlin.text.MatcherMatchResult$groups$1                                         : loaded 2 times (x 153B)
Class kotlin.collections.EmptyMap                                                     : loaded 2 times (x 110B)
Class kotlin.reflect.KAnnotatedElement                                                : loaded 2 times (x 72B)
Class kotlin.jvm.internal.markers.KMutableCollection                                  : loaded 2 times (x 72B)
Class kotlin.coroutines.intrinsics.IntrinsicsKt                                       : loaded 2 times (x 73B)
Class org.gradle.internal.exceptions.MultiCauseException                              : loaded 2 times (x 72B)
Class org.gradle.internal.time.CountdownTimer                                         : loaded 2 times (x 72B)
Class kotlin.jvm.internal.Intrinsics                                                  : loaded 2 times (x 73B)
Class com.google.common.io.ByteStreams$LimitedInputStream                             : loaded 2 times (x 94B)
Class org.objectweb.asm.MethodWriter                                                  : loaded 2 times (x 107B)
Class [Lcom.google.common.cache.Weigher;                                              : loaded 2 times (x 71B)
Class com.google.gson.internal.bind.MapTypeAdapterFactory                             : loaded 2 times (x 77B)
Class com.google.gson.internal.bind.TypeAdapters$29                                   : loaded 2 times (x 77B)
Class com.google.gson.JsonNull                                                        : loaded 2 times (x 94B)
Class com.google.common.collect.RegularImmutableMap$BucketOverflowException           : loaded 2 times (x 84B)
Class jdk.internal.jrtfs.JrtFileSystem                                                : loaded 2 times (x 104B)
Class io.opentelemetry.api.trace.Span                                                 : loaded 2 times (x 72B)
Class com.intellij.gradle.toolingExtension.impl.model.projectModel.GradleExternalProjectSerializationService$ReadContext: loaded 2 times (x 75B)
Class com.intellij.gradle.toolingExtension.impl.model.dependencyModel.DependencyWriteContext: loaded 2 times (x 74B)
Class kotlin.collections.MapsKt                                                       : loaded 2 times (x 73B)
Class kotlin.coroutines.intrinsics.CoroutineSingletons                                : loaded 2 times (x 81B)
Class kotlin.collections.CollectionsKt__IterablesKt                                   : loaded 2 times (x 73B)
Class org.gradle.tooling.model.ProjectModel                                           : loaded 2 times (x 72B)
Class org.gradle.tooling.model.gradle.GradleBuild                                     : loaded 2 times (x 72B)
Class jdk.internal.jimage.decompressor.CompressedResourceHeader                       : loaded 2 times (x 73B)
Class ijInit1_bf6mh7a1x9afcdw40dx5hzd0g                                               : loaded 2 times (x 173B)
Class kotlin.sequences.SequenceBuilderIterator                                        : loaded 2 times (x 87B)
Class kotlin.KotlinNullPointerException                                               : loaded 2 times (x 84B)
Class com.android.ide.common.repository.AgpVersion$Companion$WhenMappings             : loaded 2 times (x 73B)
Class com.google.common.collect.RegularImmutableBiMap                                 : loaded 2 times (x 150B)
Class com.google.common.cache.LocalCache$ValueReference                               : loaded 2 times (x 72B)
Class com.google.common.base.CharMatcher$Negated                                      : loaded 2 times (x 115B)
Class com.google.common.base.CharMatcher$Is                                           : loaded 2 times (x 113B)
Class com.google.gson.internal.bind.DefaultDateTypeAdapter$DateType$1                 : loaded 2 times (x 75B)
Class io.opentelemetry.api.OpenTelemetry                                              : loaded 2 times (x 72B)
Class org.jetbrains.plugins.gradle.model.tests.ExternalTestsModel                     : loaded 2 times (x 72B)
Class kotlin.ranges.RangesKt___RangesKt                                               : loaded 2 times (x 73B)
Class org.gradle.tooling.model.idea.IdeaLanguageLevel                                 : loaded 2 times (x 72B)
Class org.gradle.tooling.internal.adapter.ProtocolToModelAdapter$SafeMethodInvoker    : loaded 2 times (x 78B)
Class org.gradle.tooling.internal.adapter.WeakIdentityHashMap$WeakKey                 : loaded 2 times (x 82B)
Class org.gradle.internal.exceptions.DefaultMultiCauseException                       : loaded 2 times (x 97B)
Class org.jetbrains.kotlin.cli.common.arguments.CommonToolArguments                   : loaded 2 times (x 75B)
Class com.google.common.base.PatternCompiler                                          : loaded 2 times (x 72B)
Class com.google.common.util.concurrent.AbstractFuture$Failure                        : loaded 2 times (x 74B)
Class com.google.common.base.Equivalence$Equals                                       : loaded 2 times (x 84B)
Class com.google.gson.internal.LazilyParsedNumber                                     : loaded 2 times (x 80B)
Class com.google.common.collect.Hashing                                               : loaded 2 times (x 73B)
Class kotlin.text.MatcherMatchResult                                                  : loaded 2 times (x 82B)
Class io.opentelemetry.api.trace.PropagatedSpan                                       : loaded 2 times (x 114B)
Class com.intellij.gradle.toolingExtension.impl.model.projectModel.GradleExternalProjectSerializationService: loaded 2 times (x 79B)
Class kotlin.collections.ArrayDeque$Companion                                         : loaded 2 times (x 73B)
Class kotlin.collections.ArraysKt                                                     : loaded 2 times (x 73B)
Class org.gradle.tooling.model.HierarchicalElement                                    : loaded 2 times (x 72B)
Class kotlin.text.MatchGroupCollection                                                : loaded 2 times (x 72B)
Class org.objectweb.asm.Label                                                         : loaded 2 times (x 75B)
Class org.objectweb.asm.CurrentFrame                                                  : loaded 2 times (x 75B)
Class org.objectweb.asm.ClassTooLargeException                                        : loaded 2 times (x 84B)
Class com.android.ide.gradle.model.dependencies.DeclaredDependencies                  : loaded 2 times (x 72B)
Class com.google.common.base.CharMatcher                                              : loaded 2 times (x 113B)
Class com.google.gson.stream.JsonReader                                               : loaded 2 times (x 99B)
Class io.opentelemetry.api.trace.TraceFlags                                           : loaded 2 times (x 72B)
Class org.jetbrains.plugins.gradle.tooling.serialization.ExternalTestsSerializationService: loaded 2 times (x 79B)
Class com.google.common.collect.ByFunctionOrdering                                    : loaded 2 times (x 117B)
Class kotlin.collections.SetsKt__SetsKt                                               : loaded 2 times (x 73B)
Class kotlin.coroutines.EmptyCoroutineContext                                         : loaded 2 times (x 79B)
Class org.gradle.internal.time.Time                                                   : loaded 2 times (x 73B)
Class com.google.gson.internal.reflect.ReflectionHelper$RecordSupportedHelper         : loaded 2 times (x 80B)
Class com.android.builder.model.v2.models.ProjectGraph                                : loaded 2 times (x 72B)
Class org.jetbrains.plugins.gradle.tooling.serialization.internal.IdeaProjectSerializationService$ReadContext: loaded 2 times (x 74B)
Class org.objectweb.asm.Frame                                                         : loaded 2 times (x 75B)
Class org.objectweb.asm.MethodVisitor                                                 : loaded 2 times (x 107B)
Class com.google.common.cache.LocalCache$EntryFactory$1                               : loaded 2 times (x 85B)
Class [Lcom.google.common.cache.RemovalListener;                                      : loaded 2 times (x 71B)
Class com.google.common.base.CharMatcher$NamedFastMatcher                             : loaded 2 times (x 114B)
Class com.google.common.base.CharMatcher$1                                            : loaded 2 times (x 115B)
Class kotlinx.coroutines.flow.SharedFlow                                              : loaded 2 times (x 72B)
Class com.android.ide.common.repository.AgpVersion$PreviewKind                        : loaded 2 times (x 81B)
Class org.jetbrains.plugins.gradle.tooling.serialization.AnnotationProcessingModelSerializationService: loaded 2 times (x 79B)
Class kotlin.collections.ArraysKt__ArraysJVMKt                                        : loaded 2 times (x 73B)
Class com.google.common.cache.LocalCache$EntryFactory$2                               : loaded 2 times (x 85B)
Class com.google.gson.internal.bind.JsonAdapterAnnotationTypeAdapterFactory           : loaded 2 times (x 77B)
Class org.jetbrains.plugins.gradle.model.DependencyAccessorsModel                     : loaded 2 times (x 72B)
Class [Lcom.intellij.openapi.externalSystem.model.project.dependencies.ResolutionState;: loaded 2 times (x 71B)
Class gnu.trove.TObjectIntHashMap                                                     : loaded 2 times (x 111B)
Class com.google.common.collect.RangeSet                                              : loaded 2 times (x 72B)
Class kotlin.jvm.internal.CallableReference$NoReceiver                                : loaded 2 times (x 73B)
Class org.objectweb.asm.ModuleWriter                                                  : loaded 2 times (x 83B)
Class com.google.common.cache.LocalCache$EntryFactory$3                               : loaded 2 times (x 85B)
Class com.google.common.base.Ticker$1                                                 : loaded 2 times (x 74B)
Class com.google.gson.internal.bind.NumberTypeAdapter                                 : loaded 2 times (x 76B)
Class com.google.common.collect.Maps$BiMapConverter                                   : loaded 2 times (x 92B)
Class com.google.common.collect.ImmutableMapEntrySet$RegularEntrySet                  : loaded 2 times (x 154B)
Class org.jetbrains.kotlin.idea.gradleTooling.KotlinMPPGradleModel                    : loaded 2 times (x 72B)
Class io.opentelemetry.context.propagation.ContextPropagators                         : loaded 2 times (x 72B)
Class com.intellij.gradle.toolingExtension.impl.model.dependencyDownloadPolicyModel.GradleDependencyDownloadPolicy: loaded 2 times (x 72B)
Class org.gradle.tooling.model.BuildIdentifier                                        : loaded 2 times (x 72B)
Class kotlin.NoWhenBranchMatchedException                                             : loaded 2 times (x 84B)
Class com.google.common.collect.ImmutableSet$Builder                                  : loaded 2 times (x 87B)
Class com.google.common.cache.LocalCache$EntryFactory$4                               : loaded 2 times (x 85B)
Class com.google.common.base.CharMatcher$InRange                                      : loaded 2 times (x 113B)
Class com.google.gson.ToNumberPolicy$1                                                : loaded 2 times (x 85B)
Class [Lcom.google.gson.FieldNamingStrategy;                                          : loaded 2 times (x 71B)
Class com.google.gson.internal.Excluder                                               : loaded 2 times (x 77B)
Class org.jetbrains.kotlin.idea.gradleTooling.PrepareKotlinIdeImportTaskModel         : loaded 2 times (x 72B)
Class org.gradle.tooling.model.BuildableElement                                       : loaded 2 times (x 72B)
Class org.gradle.tooling.model.HasGradleProject                                       : loaded 2 times (x 72B)
Class com.google.common.io.ByteStreams$1                                              : loaded 2 times (x 87B)
Class com.google.gson.internal.ReflectionAccessFilterHelper                           : loaded 2 times (x 73B)
Class com.google.gson.internal.reflect.ReflectionHelper$RecordHelper                  : loaded 2 times (x 77B)
Class com.android.builder.model.v2.models.VariantDependenciesFlatList                 : loaded 2 times (x 72B)
Class com.google.common.cache.LocalCache$EntryFactory$5                               : loaded 2 times (x 85B)
Class com.google.gson.ToNumberPolicy$2                                                : loaded 2 times (x 85B)
Class com.android.ide.gradle.model.GradlePluginModel                                  : loaded 2 times (x 72B)
Class com.google.common.collect.ReverseOrdering                                       : loaded 2 times (x 117B)
Class org.gradle.tooling.model.build.JavaEnvironment                                  : loaded 2 times (x 72B)
Class com.google.common.collect.RegularImmutableMap$KeySet                            : loaded 2 times (x 154B)
Class com.android.builder.model.v2.ide.SourceSetContainer                             : loaded 2 times (x 72B)
Class com.google.gson.internal.bind.ReflectiveTypeAdapterFactory$FieldsData           : loaded 2 times (x 74B)
Class com.google.common.cache.LocalCache$EntryFactory$6                               : loaded 2 times (x 85B)
Class com.google.gson.ToNumberPolicy$3                                                : loaded 2 times (x 85B)
Class org.gradle.internal.time.Timer                                                  : loaded 2 times (x 72B)
Class kotlin.jvm.internal.markers.KMappedMarker                                       : loaded 2 times (x 72B)
Class org.gradle.internal.installation.CurrentGradleInstallationLocator               : loaded 2 times (x 73B)
Class org.objectweb.asm.ClassReader                                                   : loaded 2 times (x 96B)
Class com.google.common.collect.Maps$KeySet                                           : loaded 2 times (x 139B)
Class com.google.common.collect.ImmutableSet$EmptySetBuilderImpl                      : loaded 2 times (x 78B)
Class com.google.common.cache.LocalCache$EntryFactory$7                               : loaded 2 times (x 85B)
Class com.google.gson.ToNumberPolicy$4                                                : loaded 2 times (x 85B)
Class com.google.gson.internal.bind.ObjectTypeAdapter$1                               : loaded 2 times (x 78B)
Class kotlin.coroutines.jvm.internal.SpillingKt                                       : loaded 2 times (x 73B)
Class org.gradle.tooling.internal.adapter.ProtocolToModelAdapter$ViewGraphDetails     : loaded 2 times (x 74B)
Class org.gradle.tooling.model.idea.IdeaProject                                       : loaded 2 times (x 72B)
Class org.gradle.tooling.model.DomainObjectSet                                        : loaded 2 times (x 72B)
Class org.gradle.internal.service.DefaultServiceLocator                               : loaded 2 times (x 85B)
Class com.android.builder.model.v2.ide.BasicArtifact                                  : loaded 2 times (x 72B)
Class org.jetbrains.kotlin.util.capitalizeDecapitalize.CapitalizeDecapitalizeKt       : loaded 2 times (x 73B)
Class com.google.common.base.Equivalence$Identity                                     : loaded 2 times (x 84B)
Class com.google.common.cache.LocalCache$EntryFactory$8                               : loaded 2 times (x 85B)
Class com.google.gson.internal.sql.SqlTypesSupport                                    : loaded 2 times (x 73B)
Class com.google.gson.Gson                                                            : loaded 2 times (x 74B)
Class io.opentelemetry.api.trace.SpanContextKey                                       : loaded 2 times (x 73B)
Class kotlin.coroutines.jvm.internal.SuspendFunction                                  : loaded 2 times (x 72B)
Class org.gradle.util.GradleVersion                                                   : loaded 2 times (x 83B)
Class org.gradle.internal.installation.CurrentGradleInstallation                      : loaded 2 times (x 75B)
Class com.google.common.base.PairwiseEquivalence                                      : loaded 2 times (x 85B)
Class com.google.common.cache.CacheLoader$1                                           : loaded 2 times (x 77B)
Class com.google.common.collect.ForwardingObject                                      : loaded 2 times (x 74B)
Class com.google.gson.Gson$1                                                          : loaded 2 times (x 78B)
Class org.jetbrains.plugins.gradle.javaModel.JavaGradleManifestModel                  : loaded 2 times (x 72B)
Class org.jetbrains.plugins.gradle.tooling.serialization.GradleExtensionsSerializationService$WriteContext: loaded 2 times (x 74B)
Class com.intellij.gradle.toolingExtension.impl.model.taskModel.GradleTaskSerialisationService$Companion: loaded 2 times (x 73B)
Class kotlin.jvm.internal.StringCompanionObject                                       : loaded 2 times (x 73B)
Class kotlin.coroutines.intrinsics.IntrinsicsKt__IntrinsicsJvmKt                      : loaded 2 times (x 73B)
Class kotlin.coroutines.jvm.internal.CoroutineStackFrame                              : loaded 2 times (x 72B)
Class org.gradle.tooling.internal.adapter.ProtocolToModelAdapter$MethodInvocationCache$MethodInvocationKey: loaded 2 times (x 75B)
Class org.gradle.tooling.model.gradle.ProjectPublications                             : loaded 2 times (x 72B)
Class org.gradle.util.internal.GUtil                                                  : loaded 2 times (x 73B)
Class com.google.common.cache.AbstractCache$StatsCounter                              : loaded 2 times (x 72B)
Class com.google.gson.Gson$2                                                          : loaded 2 times (x 78B)
Class io.opentelemetry.api.trace.TraceId                                              : loaded 2 times (x 73B)
Class com.intellij.gradle.toolingExtension.impl.model.utilTurnOffDefaultTasksModel.TurnOffDefaultTasks: loaded 2 times (x 72B)
Class com.intellij.gradle.toolingExtension.impl.model.sourceSetModel.GradleSourceSetSerialisationService$SourceSetModelReadContext: loaded 2 times (x 74B)
Class kotlin.collections.CollectionsKt                                                : loaded 2 times (x 73B)
Class org.objectweb.asm.Context                                                       : loaded 2 times (x 74B)
Class com.intellij.gradle.toolingExtension.impl.model.sourceSetDependencyModel.GradleSourceSetDependencySerialisationService$SourceSetDependencyModelWriteContext: loaded 2 times (x 74B)
Class com.google.gson.Gson$FutureTypeAdapter                                          : loaded 2 times (x 78B)
Class com.google.gson.internal.bind.ReflectiveTypeAdapterFactory$BoundField           : loaded 2 times (x 77B)
Class com.google.gson.Gson$3                                                          : loaded 2 times (x 77B)
Class io.opentelemetry.api.internal.ImmutableSpanContext                              : loaded 2 times (x 93B)
Class com.intellij.gradle.toolingExtension.impl.model.sourceSetModel.GradleSourceSetSerialisationService$SourceSetModelWriteContext: loaded 2 times (x 74B)
Class kotlin.coroutines.CoroutineContext                                              : loaded 2 times (x 72B)
Class kotlin.coroutines.jvm.internal.DebugProbesKt                                    : loaded 2 times (x 73B)
Class org.gradle.tooling.internal.adapter.WeakIdentityHashMap                         : loaded 2 times (x 78B)
Class org.gradle.tooling.GradleConnectionException                                    : loaded 2 times (x 85B)
Class org.gradle.tooling.internal.adapter.ProtocolToModelAdapter$1                    : loaded 2 times (x 77B)
Class org.gradle.tooling.internal.adapter.ProtocolToModelAdapter$ViewDecoration       : loaded 2 times (x 72B)
Class org.gradle.internal.installation.GradleInstallation                             : loaded 2 times (x 77B)
Class com.google.common.collect.Iterables                                             : loaded 2 times (x 73B)
Class com.google.gson.internal.bind.DefaultDateTypeAdapter$1                          : loaded 2 times (x 77B)
Class com.google.gson.Gson$4                                                          : loaded 2 times (x 78B)
Class com.google.gson.internal.ConstructorConstructor                                 : loaded 2 times (x 74B)
Class jdk.internal.jimage.decompressor.ResourceDecompressor$StringsProvider           : loaded 2 times (x 72B)
Class io.opentelemetry.api.trace.DefaultTracer                                        : loaded 2 times (x 76B)
Class org.jetbrains.plugins.gradle.tooling.serialization.GradleExtensionsSerializationService$ReadContext: loaded 2 times (x 74B)
Class com.google.common.collect.LexicographicalOrdering                               : loaded 2 times (x 117B)
Class org.gradle.tooling.internal.adapter.MethodInvoker                               : loaded 2 times (x 72B)
Class com.google.gson.ReflectionAccessFilter$FilterResult                             : loaded 2 times (x 81B)
Class com.google.gson.Gson$5                                                          : loaded 2 times (x 78B)
Class org.jetbrains.plugins.gradle.tooling.serialization.RepositoriesModelSerializationService$WriteContext: loaded 2 times (x 74B)
Class com.android.ide.gradle.model.LegacyAndroidGradlePluginProperties                : loaded 2 times (x 72B)
Class sync_studio_tooling10_e7esb87711ek0b4q0lnd97zoj                                 : loaded 2 times (x 173B)
Class kotlin.jvm.KotlinReflectionNotSupportedError                                    : loaded 2 times (x 84B)
Class org.gradle.tooling.model.gradle.GradleScript                                    : loaded 2 times (x 72B)

---------------  S Y S T E M  ---------------

OS:
 Windows 11 , 64 bit Build 26100 (10.0.26100.9444)
OS uptime: 7 days 13:15 hours
Hyper-V role detected

CPU: total 16 (initial active 16) (8 cores per cpu, 2 threads per core) family 6 model 191 stepping 2 microcode 0x3a, cx8, cmov, fxsr, ht, mmx, 3dnowpref, sse, sse2, sse3, ssse3, sse4.1, sse4.2, popcnt, lzcnt, tsc, tscinvbit, avx, avx2, aes, erms, clmul, bmi1, bmi2, adx, sha, fma, vzeroupper, clflush, clflushopt, clwb, hv, serialize, rdtscp, rdpid, fsrm, gfni, f16c, cet_ibt, cet_ss
Processor Information for processor 0
  Max Mhz: 2400, Current Mhz: 2400, Mhz Limit: 2400
Processor Information for processor 1
  Max Mhz: 2400, Current Mhz: 2400, Mhz Limit: 2400
Processor Information for processor 2
  Max Mhz: 2400, Current Mhz: 2400, Mhz Limit: 2400
Processor Information for processor 3
  Max Mhz: 2400, Current Mhz: 2400, Mhz Limit: 2400
Processor Information for processor 4
  Max Mhz: 2400, Current Mhz: 2400, Mhz Limit: 2400
Processor Information for processor 5
  Max Mhz: 2400, Current Mhz: 2400, Mhz Limit: 2400
Processor Information for processor 6
  Max Mhz: 2400, Current Mhz: 2400, Mhz Limit: 2400
Processor Information for processor 7
  Max Mhz: 2400, Current Mhz: 2400, Mhz Limit: 2400
Processor Information for processor 8
  Max Mhz: 2400, Current Mhz: 2400, Mhz Limit: 2400
Processor Information for processor 9
  Max Mhz: 2400, Current Mhz: 2400, Mhz Limit: 2400
Processor Information for processor 10
  Max Mhz: 2400, Current Mhz: 2400, Mhz Limit: 2400
Processor Information for processor 11
  Max Mhz: 2400, Current Mhz: 2400, Mhz Limit: 2400
Processor Information for processor 12
  Max Mhz: 2400, Current Mhz: 1466, Mhz Limit: 2400
Processor Information for processor 13
  Max Mhz: 2400, Current Mhz: 1466, Mhz Limit: 2400
Processor Information for processor 14
  Max Mhz: 2400, Current Mhz: 1466, Mhz Limit: 2400
Processor Information for processor 15
  Max Mhz: 2400, Current Mhz: 2400, Mhz Limit: 2400

Memory: 4k page, system-wide physical 20187M (1380M free)
TotalPageFile size 24283M (AvailPageFile size 34M)
current process WorkingSet (physical memory assigned to process): 813M, peak: 831M
current process commit charge ("private bytes"): 862M, peak: 889M

vm_info: OpenJDK 64-Bit Server VM (25.0.3+-15898627-b508.16) for windows-amd64 JRE (25.0.3+-15898627-b508.16), built on 2026-07-20T17:54:23Z with MS VC++ 16.10 / 16.11 (VS2019)

END.
