#
# There is insufficient memory for the Java Runtime Environment to continue.
# Native memory allocation (malloc) failed to allocate 1243864 bytes. Error detail: Chunk::new
# Possible reasons:
#   The system is out of physical RAM or swap space
#   This process is running with CompressedOops enabled, and the Java Heap may be blocking the growth of the native heap
# Possible solutions:
#   Reduce memory load on the system
#   Increase physical memory or swap space
#   Check if swap backing store is full
#   Decrease Java heap size (-Xmx/-Xms)
#   Decrease number of Java threads
#   Decrease Java thread stack sizes (-Xss)
#   Set larger code cache with -XX:ReservedCodeCacheSize=
#   JVM is running with Unscaled Compressed Oops mode in which the Java heap is
#     placed in the first 4GB address space. The Java Heap base address is the
#     maximum limit for the native heap growth. Please use -XX:HeapBaseMinAddress
#     to set the Java Heap base and to place the Java Heap above 4GB virtual address.
# This output file may be truncated or incomplete.
#
#  Out of Memory Error (arena.cpp:186), pid=22536, tid=20528
#
# JRE version: OpenJDK Runtime Environment (25.0.3) (build 25.0.3+-15898627-b508.16)
# Java VM: OpenJDK 64-Bit Server VM (25.0.3+-15898627-b508.16, mixed mode, tiered, compressed oops, compressed class ptrs, g1 gc, windows-amd64)
# No core dump will be written. Minidumps are not enabled by default on client versions of Windows
#

---------------  S U M M A R Y ------------

Command Line: --add-opens=java.base/java.lang=ALL-UNNAMED --add-opens=java.base/java.lang.invoke=ALL-UNNAMED --add-opens=java.base/java.util=ALL-UNNAMED --add-opens=java.prefs/java.util.prefs=ALL-UNNAMED --add-exports=jdk.compiler/com.sun.tools.javac.api=ALL-UNNAMED --add-exports=jdk.compiler/com.sun.tools.javac.util=ALL-UNNAMED --add-opens=java.base/java.nio.charset=ALL-UNNAMED --add-opens=java.base/java.net=ALL-UNNAMED --add-opens=java.base/java.util.concurrent=ALL-UNNAMED --add-opens=java.base/java.util.concurrent.atomic=ALL-UNNAMED --add-opens=java.xml/javax.xml.namespace=ALL-UNNAMED --add-opens=java.base/java.time=ALL-UNNAMED --enable-native-access=ALL-UNNAMED -Xmx2048m -Dfile.encoding=UTF-8 -Duser.country=US -Duser.language=en -Duser.variant -javaagent:C:\Users\user\.gradle\wrapper\dists\gradle-9.7.1-bin\1w1c7tv4s851m17nbqdsro2tv\gradle-9.7.1\lib\agents\gradle-instrumentation-agent-9.7.1.jar org.gradle.launcher.daemon.bootstrap.GradleDaemon 9.7.1

Host: 13th Gen Intel(R) Core(TM) i5-13450HX, 16 cores, 19G,  Windows 11 , 64 bit Build 26100 (10.0.26100.9444)
Time: Wed Sep 23 13:29:57 2026 SE Asia Standard Time elapsed time: 15.679367 seconds (0d 0h 0m 15s)

---------------  T H R E A D  ---------------

Current thread (0x0000011c04b236f0):  JavaThread "C2 CompilerThread2" daemon [_thread_in_native, id=20528, stack(0x0000001077f00000,0x0000001078000000) (1024K)]


Current CompileTask:
C2:15679 16745       4       org.gradle.api.internal.cache.StringInterner::intern (9 bytes)

Stack: [0x0000001077f00000,0x0000001078000000]
Native frames: (J=compiled Java code, j=interpreted, Vv=VM code, C=native code)
V  [jvm.dll+0x7bf039]  (no source info available)
V  [jvm.dll+0x78912d]  (no source info available)
V  [jvm.dll+0xa0e615]  (no source info available)
V  [jvm.dll+0xa10c94]  (no source info available)
V  [jvm.dll+0xa11393]  (no source info available)
V  [jvm.dll+0x30a116]  (no source info available)
V  [jvm.dll+0x10eda9]  (no source info available)
V  [jvm.dll+0x10f0d2]  (no source info available)
V  [jvm.dll+0x1a9b77]  (no source info available)
V  [jvm.dll+0x3bf612]  (no source info available)
V  [jvm.dll+0x7c48b7]  (no source info available)
V  [jvm.dll+0x2ce466]  (no source info available)
V  [jvm.dll+0x2cd641]  (no source info available)
V  [jvm.dll+0x24334a]  (no source info available)
V  [jvm.dll+0x2dd025]  (no source info available)
V  [jvm.dll+0x2db226]  (no source info available)
V  [jvm.dll+0x49c12e]  (no source info available)
V  [jvm.dll+0x9ad738]  (no source info available)
V  [jvm.dll+0x7bd585]  (no source info available)
C  [ucrtbase.dll+0x2cd30]  (no source info available)
C  [KERNEL32.DLL+0x2cd87]  (no source info available)
C  [ntdll.dll+0xacaec]  (no source info available)

Lock stack of current Java thread (top to bottom):


---------------  P R O C E S S  ---------------

Threads class SMR info:
_java_thread_list=0x0000011c0e925030, length=89, elements={
0x0000011c642f3b30, 0x0000011c7c4c8500, 0x0000011c7cb87ce0, 0x0000011c7c4d3850,
0x0000011c7c4d57b0, 0x0000011c7c4d6370, 0x0000011c7c4d7280, 0x0000011c7c4d7e40,
0x0000011c7cb6c090, 0x0000011c7cb728c0, 0x0000011c7cf85d80, 0x0000011c7e91c120,
0x0000011c04617060, 0x0000011c04921dd0, 0x0000011c048fbd90, 0x0000011c7ece40b0,
0x0000011c046a45f0, 0x0000011c046a74d0, 0x0000011c046a8c40, 0x0000011c7e3186e0,
0x0000011c7e318eb0, 0x0000011c7e317740, 0x0000011c7e316f70, 0x0000011c7e31adf0,
0x0000011c7e31b5c0, 0x0000011c7e31cd30, 0x0000011c7cd38b80, 0x0000011c04bd3450,
0x0000011c04bd2c80, 0x0000011c04bd72d0, 0x0000011c04bd5b60, 0x0000011c04bd99e0,
0x0000011c04bd8a40, 0x0000011c059b02b0, 0x0000011c059b0a80, 0x0000011c059b1a20,
0x0000011c059afae0, 0x0000011c059b3960, 0x0000011c07f794b0, 0x0000011c07f77570,
0x0000011c07f78510, 0x0000011c07f77d40, 0x0000011c059a5200, 0x0000011c059a59d0,
0x0000011c059a2320, 0x0000011c059a3a90, 0x0000011c059a2af0, 0x0000011c059a7140,
0x0000011c059a4260, 0x0000011c059a88b0, 0x0000011c07d22870, 0x0000011c07d21100,
0x0000011c07d24f80, 0x0000011c07d220a0, 0x0000011c07d28630, 0x0000011c07d26ec0,
0x0000011c7e319e50, 0x0000011c06acf040, 0x0000011c06acb990, 0x0000011c06ad26f0,
0x0000011c06ad9c20, 0x0000011c04bd5390, 0x0000011c0f17fdd0, 0x0000011c04b1e650,
0x0000011c04b1be00, 0x0000011c04b22ee0, 0x0000011c04b236f0, 0x0000011c06f29aa0,
0x0000011c06f2b2d0, 0x0000011c0f185b90, 0x0000011c0f186b30, 0x0000011c0f189240,
0x0000011c0f1882a0, 0x0000011c0f187300, 0x0000011c0f187ad0, 0x0000011c0f18a1e0,
0x0000011c0f189a10, 0x0000011c0f18b180, 0x0000011c06ad0f80, 0x0000011c06ad7510,
0x0000011c7cd33590, 0x0000011c7cb85840, 0x0000011c075f1ef0, 0x0000011c075ef010,
0x0000011c075f1720, 0x0000011c075f4dd0, 0x0000011c075f6540, 0x0000011c075f7cb0,
0x0000011c0d3cebe0
}

Java Threads: ( => current thread )
  0x0000011c642f3b30 JavaThread "main"                              [_thread_blocked, id=20340, stack(0x0000001076a00000,0x0000001076b00000) (1024K)]
  0x0000011c7c4c8500 JavaThread "Common-Cleaner"             daemon [_thread_blocked, id=19744, stack(0x0000001077200000,0x0000001077300000) (1024K)]
  0x0000011c7cb87ce0 JavaThread "Reference Handler"          daemon [_thread_blocked, id=16016, stack(0x0000001077300000,0x0000001077400000) (1024K)]
  0x0000011c7c4d3850 JavaThread "Finalizer"                  daemon [_thread_blocked, id=23048, stack(0x0000001077400000,0x0000001077500000) (1024K)]
  0x0000011c7c4d57b0 JavaThread "Signal Dispatcher"          daemon [_thread_blocked, id=12756, stack(0x0000001077500000,0x0000001077600000) (1024K)]
  0x0000011c7c4d6370 JavaThread "Attach Listener"            daemon [_thread_blocked, id=9812, stack(0x0000001077600000,0x0000001077700000) (1024K)]
  0x0000011c7c4d7280 JavaThread "Service Thread"             daemon [_thread_blocked, id=16136, stack(0x0000001077700000,0x0000001077800000) (1024K)]
  0x0000011c7c4d7e40 JavaThread "Monitor Deflation Thread"   daemon [_thread_blocked, id=13552, stack(0x0000001077800000,0x0000001077900000) (1024K)]
  0x0000011c7cb6c090 JavaThread "C2 CompilerThread0"         daemon [_thread_in_native, id=7756, stack(0x0000001077900000,0x0000001077a00000) (1024K)]
  0x0000011c7cb728c0 JavaThread "C1 CompilerThread0"         daemon [_thread_blocked, id=7164, stack(0x0000001077a00000,0x0000001077b00000) (1024K)]
  0x0000011c7cf85d80 JavaThread "Notification Thread"        daemon [_thread_blocked, id=13104, stack(0x0000001077d00000,0x0000001077e00000) (1024K)]
  0x0000011c7e91c120 JavaThread "Daemon health stats"               [_thread_blocked, id=8012, stack(0x0000001078800000,0x0000001078900000) (1024K)]
  0x0000011c04617060 JavaThread "Incoming local TCP Connector on port 55374"        [_thread_in_native, id=16668, stack(0x0000001078900000,0x0000001078a00000) (1024K)]
  0x0000011c04921dd0 JavaThread "Daemon periodic checks"            [_thread_blocked, id=22844, stack(0x0000001079200000,0x0000001079300000) (1024K)]
  0x0000011c048fbd90 JavaThread "Daemon"                            [_thread_blocked, id=2932, stack(0x0000001079300000,0x0000001079400000) (1024K)]
  0x0000011c7ece40b0 JavaThread "Handler for socket connection from /127.0.0.1:55374 to /127.0.0.1:55375"        [_thread_in_native, id=13744, stack(0x0000001079400000,0x0000001079500000) (1024K)]
  0x0000011c046a45f0 JavaThread "Cancel handler"                    [_thread_blocked, id=3172, stack(0x0000001079500000,0x0000001079600000) (1024K)]
  0x0000011c046a74d0 JavaThread "Daemon worker"                     [_thread_blocked, id=11192, stack(0x0000001079600000,0x0000001079700000) (1024K)]
  0x0000011c046a8c40 JavaThread "Asynchronous log dispatcher for DefaultDaemonConnection: socket connection from /127.0.0.1:55374 to /127.0.0.1:55375"        [_thread_blocked, id=15504, stack(0x0000001079700000,0x0000001079800000) (1024K)]
  0x0000011c7e3186e0 JavaThread "Stdin handler"                     [_thread_blocked, id=10272, stack(0x0000001079800000,0x0000001079900000) (1024K)]
  0x0000011c7e318eb0 JavaThread "Daemon client event forwarder"        [_thread_blocked, id=20108, stack(0x0000001079900000,0x0000001079a00000) (1024K)]
  0x0000011c7e317740 JavaThread "Cache worker for journal cache (C:\Users\user\.gradle\caches\journal-1)"        [_thread_blocked, id=23456, stack(0x0000001079a00000,0x0000001079b00000) (1024K)]
  0x0000011c7e316f70 JavaThread "File lock request listener"        [_thread_in_native, id=20932, stack(0x0000001079b00000,0x0000001079c00000) (1024K)]
  0x0000011c7e31adf0 JavaThread "Cache worker for file hash cache (C:\Users\user\.gradle\caches\9.7.1\fileHashes)"        [_thread_blocked, id=18736, stack(0x0000001079c00000,0x0000001079d00000) (1024K)]
  0x0000011c7e31b5c0 JavaThread "Cache worker for file hash cache (C:\Users\user\OneDrive - Universitas Ciputra\Documents\Matkul\Semester 3\Visual Programming\Week_02\Week_02_VP_B_1076012510036_Edric\.gradle\9.7.1\fileHashes)"        [_thread_blocked, id=11820, stack(0x0000001078100000,0x0000001078200000) (1024K)]
  0x0000011c7e31cd30 JavaThread "Cache worker for checksums cache (C:\Users\user\OneDrive - Universitas Ciputra\Documents\Matkul\Semester 3\Visual Programming\Week_02\Week_02_VP_B_1076012510036_Edric\.gradle\9.7.1\checksums)"        [_thread_blocked, id=8464, stack(0x0000001079d00000,0x0000001079e00000) (1024K)]
  0x0000011c7cd38b80 JavaThread "Cache worker for Build Output Cleanup Cache (C:\Users\user\OneDrive - Universitas Ciputra\Documents\Matkul\Semester 3\Visual Programming\Week_02\Week_02_VP_B_1076012510036_Edric\.gradle\buildOutputCleanup)"        [_thread_blocked, id=24196, stack(0x0000001079e00000,0x0000001079f00000) (1024K)]
  0x0000011c04bd3450 JavaThread "Cache worker for file content cache (C:\Users\user\.gradle\caches\9.7.1\fileContent)"        [_thread_blocked, id=23916, stack(0x000000107a100000,0x000000107a200000) (1024K)]
  0x0000011c04bd2c80 JavaThread "File watcher server"        daemon [_thread_in_native, id=12484, stack(0x000000107a200000,0x000000107a300000) (1024K)]
  0x0000011c04bd72d0 JavaThread "File watcher consumer"      daemon [_thread_blocked, id=5020, stack(0x000000107a300000,0x000000107a400000) (1024K)]
  0x0000011c04bd5b60 JavaThread "Cache worker for cache directory md-supplier (C:\Users\user\.gradle\caches\9.7.1\md-supplier)"        [_thread_blocked, id=2096, stack(0x0000001079f00000,0x000000107a000000) (1024K)]
  0x0000011c04bd99e0 JavaThread "Cache worker for cache directory md-rule (C:\Users\user\.gradle\caches\9.7.1\md-rule)"        [_thread_blocked, id=24260, stack(0x000000107a000000,0x000000107a100000) (1024K)]
  0x0000011c04bd8a40 JavaThread "jar transforms"                    [_thread_blocked, id=22572, stack(0x000000107a400000,0x000000107a500000) (1024K)]
  0x0000011c059b02b0 JavaThread "jar transforms Thread 2"           [_thread_blocked, id=13696, stack(0x000000107a500000,0x000000107a600000) (1024K)]
  0x0000011c059b0a80 JavaThread "jar transforms Thread 3"           [_thread_blocked, id=9680, stack(0x000000107a600000,0x000000107a700000) (1024K)]
  0x0000011c059b1a20 JavaThread "Build operations"                  [_thread_blocked, id=2964, stack(0x000000107a700000,0x000000107a800000) (1024K)]
  0x0000011c059afae0 JavaThread "Build operations Thread 2"         [_thread_blocked, id=6824, stack(0x000000107a800000,0x000000107a900000) (1024K)]
  0x0000011c059b3960 JavaThread "Build operations Thread 3"         [_thread_in_native, id=21212, stack(0x000000107a900000,0x000000107aa00000) (1024K)]
  0x0000011c07f794b0 JavaThread "Build operations Thread 4"         [_thread_blocked, id=19564, stack(0x000000107aa00000,0x000000107ab00000) (1024K)]
  0x0000011c07f77570 JavaThread "Build operations Thread 5"         [_thread_blocked, id=12312, stack(0x000000107ab00000,0x000000107ac00000) (1024K)]
  0x0000011c07f78510 JavaThread "Build operations Thread 6"         [_thread_blocked, id=23420, stack(0x000000107ac00000,0x000000107ad00000) (1024K)]
  0x0000011c07f77d40 JavaThread "Build operations Thread 7"         [_thread_blocked, id=9676, stack(0x000000107ad00000,0x000000107ae00000) (1024K)]
  0x0000011c059a5200 JavaThread "Build operations Thread 8"         [_thread_in_native, id=2400, stack(0x000000107ae00000,0x000000107af00000) (1024K)]
  0x0000011c059a59d0 JavaThread "Build operations Thread 9"         [_thread_in_native, id=14200, stack(0x000000107af00000,0x000000107b000000) (1024K)]
  0x0000011c059a2320 JavaThread "Build operations Thread 10"        [_thread_blocked, id=10088, stack(0x000000107b000000,0x000000107b100000) (1024K)]
  0x0000011c059a3a90 JavaThread "Build operations Thread 11"        [_thread_in_native, id=15920, stack(0x000000107b100000,0x000000107b200000) (1024K)]
  0x0000011c059a2af0 JavaThread "Build operations Thread 12"        [_thread_blocked, id=756, stack(0x000000107b200000,0x000000107b300000) (1024K)]
  0x0000011c059a7140 JavaThread "Build operations Thread 13"        [_thread_in_native, id=9632, stack(0x000000107b300000,0x000000107b400000) (1024K)]
  0x0000011c059a4260 JavaThread "Build operations Thread 14"        [_thread_in_native, id=14592, stack(0x000000107b400000,0x000000107b500000) (1024K)]
  0x0000011c059a88b0 JavaThread "Build operations Thread 15"        [_thread_in_Java, id=16512, stack(0x000000107b500000,0x000000107b600000) (1024K)]
  0x0000011c07d22870 JavaThread "Build operations Thread 16"        [_thread_in_native, id=17728, stack(0x000000107b600000,0x000000107b700000) (1024K)]
  0x0000011c07d21100 JavaThread "jar transforms Thread 4"           [_thread_blocked, id=9992, stack(0x000000107b700000,0x000000107b800000) (1024K)]
  0x0000011c07d24f80 JavaThread "jar transforms Thread 5"           [_thread_blocked, id=8468, stack(0x000000107b800000,0x000000107b900000) (1024K)]
  0x0000011c07d220a0 JavaThread "jar transforms Thread 6"           [_thread_blocked, id=11936, stack(0x000000107b900000,0x000000107ba00000) (1024K)]
  0x0000011c07d28630 JavaThread "jar transforms Thread 7"           [_thread_blocked, id=13580, stack(0x000000107ba00000,0x000000107bb00000) (1024K)]
  0x0000011c07d26ec0 JavaThread "jar transforms Thread 8"           [_thread_blocked, id=12808, stack(0x000000107bb00000,0x000000107bc00000) (1024K)]
  0x0000011c7e319e50 JavaThread "Configuration cache report writer"        [_thread_blocked, id=12300, stack(0x0000001078000000,0x0000001078100000) (1024K)]
  0x0000011c06acf040 JavaThread "build event listener"              [_thread_blocked, id=22660, stack(0x000000107c000000,0x000000107c100000) (1024K)]
  0x0000011c06acb990 JavaThread "Memory manager"                    [_thread_blocked, id=24520, stack(0x000000107bf00000,0x000000107c000000) (1024K)]
  0x0000011c06ad26f0 JavaThread "build event listener"              [_thread_blocked, id=15340, stack(0x000000107c100000,0x000000107c200000) (1024K)]
  0x0000011c06ad9c20 JavaThread "Exec process"                      [_thread_blocked, id=4348, stack(0x000000107c200000,0x000000107c300000) (1024K)]
  0x0000011c04bd5390 JavaThread "Exec process Thread 2"             [_thread_blocked, id=5776, stack(0x000000107c300000,0x000000107c400000) (1024K)]
  0x0000011c0f17fdd0 JavaThread "Exec process Thread 3"             [_thread_blocked, id=24236, stack(0x000000107c400000,0x000000107c500000) (1024K)]
  0x0000011c04b1e650 JavaThread "C2 CompilerThread1"         daemon [_thread_in_native, id=18412, stack(0x0000001077b00000,0x0000001077c00000) (1024K)]
  0x0000011c04b1be00 JavaThread "C1 CompilerThread1"         daemon [_thread_blocked, id=15576, stack(0x0000001077c00000,0x0000001077d00000) (1024K)]
  0x0000011c04b22ee0 JavaThread "C1 CompilerThread2"         daemon [_thread_blocked, id=5712, stack(0x0000001077e00000,0x0000001077f00000) (1024K)]
=>0x0000011c04b236f0 JavaThread "C2 CompilerThread2"         daemon [_thread_in_native, id=20528, stack(0x0000001077f00000,0x0000001078000000) (1024K)]
  0x0000011c06f29aa0 JavaThread "C2 CompilerThread3"         daemon [_thread_in_native, id=4044, stack(0x000000107bc00000,0x000000107bd00000) (1024K)]
  0x0000011c06f2b2d0 JavaThread "C2 CompilerThread4"         daemon [_thread_in_native, id=9112, stack(0x000000107bd00000,0x000000107be00000) (1024K)]
  0x0000011c0f185b90 JavaThread "included builds"                   [_thread_blocked, id=21600, stack(0x000000107be00000,0x000000107bf00000) (1024K)]
  0x0000011c0f186b30 JavaThread "Execution worker"                  [_thread_in_native, id=16024, stack(0x000000107c500000,0x000000107c600000) (1024K)]
  0x0000011c0f189240 JavaThread "Execution worker Thread 2"         [_thread_in_native, id=15732, stack(0x000000107c600000,0x000000107c700000) (1024K)]
  0x0000011c0f1882a0 JavaThread "Execution worker Thread 3"         [_thread_in_native, id=19192, stack(0x000000107c700000,0x000000107c800000) (1024K)]
  0x0000011c0f187300 JavaThread "Execution worker Thread 4"         [_thread_in_native, id=15456, stack(0x000000107c800000,0x000000107c900000) (1024K)]
  0x0000011c0f187ad0 JavaThread "Execution worker Thread 5"         [_thread_blocked, id=11088, stack(0x000000107c900000,0x000000107ca00000) (1024K)]
  0x0000011c0f18a1e0 JavaThread "Execution worker Thread 6"         [_thread_in_native, id=17472, stack(0x000000107ca00000,0x000000107cb00000) (1024K)]
  0x0000011c0f189a10 JavaThread "Execution worker Thread 7"         [_thread_blocked, id=7468, stack(0x000000107cb00000,0x000000107cc00000) (1024K)]
  0x0000011c0f18b180 JavaThread "Execution worker Thread 8"         [_thread_blocked, id=21484, stack(0x000000107cc00000,0x000000107cd00000) (1024K)]
  0x0000011c06ad0f80 JavaThread "Execution worker Thread 9"         [_thread_blocked, id=3876, stack(0x000000107cd00000,0x000000107ce00000) (1024K)]
  0x0000011c06ad7510 JavaThread "Execution worker Thread 10"        [_thread_blocked, id=21356, stack(0x000000107ce00000,0x000000107cf00000) (1024K)]
  0x0000011c7cd33590 JavaThread "Execution worker Thread 11"        [_thread_in_native, id=19332, stack(0x000000107cf00000,0x000000107d000000) (1024K)]
  0x0000011c7cb85840 JavaThread "Execution worker Thread 12"        [_thread_in_native, id=15968, stack(0x000000107d000000,0x000000107d100000) (1024K)]
  0x0000011c075f1ef0 JavaThread "Execution worker Thread 13"        [_thread_blocked, id=10776, stack(0x000000107d100000,0x000000107d200000) (1024K)]
  0x0000011c075ef010 JavaThread "Execution worker Thread 14"        [_thread_blocked, id=20044, stack(0x000000107d200000,0x000000107d300000) (1024K)]
  0x0000011c075f1720 JavaThread "Execution worker Thread 15"        [_thread_in_native, id=21756, stack(0x000000107d300000,0x000000107d400000) (1024K)]
  0x0000011c075f4dd0 JavaThread "Cache worker for execution history cache (C:\Users\user\OneDrive - Universitas Ciputra\Documents\Matkul\Semester 3\Visual Programming\Week_02\Week_02_VP_B_1076012510036_Edric\.gradle\9.7.1\executionHistory)"        [_thread_blocked, id=11612, stack(0x000000107d400000,0x000000107d500000) (1024K)]
  0x0000011c075f6540 JavaThread "WorkerExecutor Queue"              [_thread_blocked, id=20936, stack(0x000000107d500000,0x000000107d600000) (1024K)]
  0x0000011c075f7cb0 JavaThread "WorkerExecutor Queue Thread 2"        [_thread_blocked, id=17028, stack(0x000000107d600000,0x000000107d700000) (1024K)]
  0x0000011c0d3cebe0 JavaThread "C2 CompilerThread5"         daemon [_thread_in_native, id=6584, stack(0x000000107d700000,0x000000107d800000) (1024K)]
Total: 89

Other Threads:
  0x0000011c7c4a2060 VMThread "VM Thread"                           [id=9912, stack(0x0000001077100000,0x0000001077200000) (1024K)]
  0x0000011c7c467070 WatcherThread "VM Periodic Task Thread"        [id=8316, stack(0x0000001077000000,0x0000001077100000) (1024K)]
  0x0000011c6206dfe0 WorkerThread "GC Thread#0"                     [id=9336, stack(0x0000001076b00000,0x0000001076c00000) (1024K)]
  0x0000011c7e119540 WorkerThread "GC Thread#1"                     [id=23928, stack(0x0000001078200000,0x0000001078300000) (1024K)]
  0x0000011c7e119970 WorkerThread "GC Thread#2"                     [id=14208, stack(0x0000001078300000,0x0000001078400000) (1024K)]
  0x0000011c7e0ffa80 WorkerThread "GC Thread#3"                     [id=13036, stack(0x0000001078400000,0x0000001078500000) (1024K)]
  0x0000011c7cf7c0b0 WorkerThread "GC Thread#4"                     [id=14744, stack(0x0000001078500000,0x0000001078600000) (1024K)]
  0x0000011c7cf7da90 WorkerThread "GC Thread#5"                     [id=11524, stack(0x0000001078600000,0x0000001078700000) (1024K)]
  0x0000011c7cf7d640 WorkerThread "GC Thread#6"                     [id=3268, stack(0x0000001078700000,0x0000001078800000) (1024K)]
  0x0000011c7e48fef0 WorkerThread "GC Thread#7"                     [id=9176, stack(0x0000001078a00000,0x0000001078b00000) (1024K)]
  0x0000011c7e491d20 WorkerThread "GC Thread#8"                     [id=8260, stack(0x0000001078b00000,0x0000001078c00000) (1024K)]
  0x0000011c7e490be0 WorkerThread "GC Thread#9"                     [id=5648, stack(0x0000001078c00000,0x0000001078d00000) (1024K)]
  0x0000011c7e491480 WorkerThread "GC Thread#10"                    [id=2320, stack(0x0000001078d00000,0x0000001078e00000) (1024K)]
  0x0000011c7e491030 WorkerThread "GC Thread#11"                    [id=8640, stack(0x0000001078e00000,0x0000001078f00000) (1024K)]
  0x0000011c7e48e0c0 WorkerThread "GC Thread#12"                    [id=22120, stack(0x0000001078f00000,0x0000001079000000) (1024K)]
  0x0000011c64369eb0 ConcurrentGCThread "G1 Main Marker"            [id=24212, stack(0x0000001076c00000,0x0000001076d00000) (1024K)]
  0x0000011c6436a950 WorkerThread "G1 Conc#0"                       [id=17948, stack(0x0000001076d00000,0x0000001076e00000) (1024K)]
  0x0000011c7e492170 WorkerThread "G1 Conc#1"                       [id=23148, stack(0x0000001079000000,0x0000001079100000) (1024K)]
  0x0000011c7e48e510 WorkerThread "G1 Conc#2"                       [id=10224, stack(0x0000001079100000,0x0000001079200000) (1024K)]
  0x0000011c7c33bad0 ConcurrentGCThread "G1 Refine#0"               [id=18204, stack(0x0000001076e00000,0x0000001076f00000) (1024K)]
  0x0000011c7c33e4f0 ConcurrentGCThread "G1 Service"                [id=14824, stack(0x0000001076f00000,0x0000001077000000) (1024K)]
Total: 21

Threads with active compile tasks:
C2 CompilerThread0  15894 16558       4       org.gradle.internal.snapshot.DirectorySnapshot$$Lambda/0x00000000197db100::accept (16 bytes)
C2 CompilerThread1  15894 16747       4       org.gradle.api.internal.changedetection.state.FallbackHandlingResourceHasher$$Lambda/0x00000000197e3a68::test (12 bytes)
C2 CompilerThread2  15894 16745       4       org.gradle.api.internal.cache.StringInterner::intern (9 bytes)
C2 CompilerThread3  15894 16262       4       org.gradle.internal.fingerprint.classpath.impl.ClasspathFingerprintingStrategy$ClasspathFingerprintingVisitor::visitEntry (20 bytes)
C2 CompilerThread4  15894 16729       4       org.gradle.internal.snapshot.RelativePathTracker::toRelativePath (163 bytes)
C2 CompilerThread5  15895 17026   !   4       com.google.common.collect.MapMakerInternalMap$Segment::get (58 bytes)
Total: 6

VM state: not at safepoint (normal execution)

VM Mutex/Monitor currently owned by a thread: None

Heap address: 0x0000000080000000, size: 2048 MB, Compressed Oops mode: 32-bit

CDS archive(s) not mapped
Compressed class space mapped at: 0x0000000019000000-0x0000000059000000, reserved size: 1073741824
UseCompressedClassPointers 1, UseCompactObjectHeaders 0
Narrow klass pointer bits 32, Max shift 3
Narrow klass base: 0x0000000000000000, Narrow klass shift: 0
Encoding Range: [0x0000000000000000 - 0x0000000100000000), (4294967296 bytes)
Klass Range:    [0x0000000019000000 - 0x0000000059000000), (1073741824 bytes)
Klass ID Range:  [419430400 - 1493172217) (1073741817)
No protection zone.

GC Precious Log:
 CardTable entry size: 512
 Card Set container configuration: InlinePtr #cards 5 size 8 Array Of Cards #cards 10 size 36 Howl #buckets 4 coarsen threshold 1843 Howl Bitmap #cards 512 size 80 coarsen threshold 460 Card regions per heap region 1 cards per card region 2048
 CPUs: 16 total, 16 available
 Memory: 20187M
 Large Page Support: Disabled
 NUMA Support: Disabled
 Compressed Oops: Enabled (32-bit)
 Heap Region Size: 1M
 Heap Min Capacity: 8M
 Heap Initial Capacity: 316M
 Heap Max Capacity: 2G
 Pre-touch: Disabled
 Parallel Workers: 13
 Concurrent Workers: 3
 Concurrent Refinement Workers: 13
 Periodic GC: Disabled

Heap:
 garbage-first heap   total reserved 2097152K, committed 303104K, used 260206K [0x0000000080000000, 0x0000000100000000)
  region size 1024K, 138 young (141312K), 5 survivors (5120K)

Heap Regions: E=young(eden), S=young(survivor), O=old, HS=humongous(starts), HC=humongous(continues), CS=collection set, F=free, TAMS=top-at-mark-start, PB=parsable bottom
|   0|0x0000000080000000, 0x0000000080100000, 0x0000000080100000|100%|HS|  |TAMS 0x0000000080000000| PB 0x0000000080000000| Complete |  0
|   1|0x0000000080100000, 0x0000000080200000, 0x0000000080200000|100%|HC|  |TAMS 0x0000000080100000| PB 0x0000000080100000| Complete |  0
|   2|0x0000000080200000, 0x0000000080300000, 0x0000000080300000|100%|HC|  |TAMS 0x0000000080200000| PB 0x0000000080200000| Complete |  0
|   3|0x0000000080300000, 0x0000000080400000, 0x0000000080400000|100%|HC|  |TAMS 0x0000000080300000| PB 0x0000000080300000| Complete |  0
|   4|0x0000000080400000, 0x0000000080500000, 0x0000000080500000|100%| O|  |TAMS 0x0000000080400000| PB 0x0000000080400000| Untracked |  0
|   5|0x0000000080500000, 0x0000000080600000, 0x0000000080600000|100%| O|  |TAMS 0x0000000080500000| PB 0x0000000080500000| Untracked |  0
|   6|0x0000000080600000, 0x0000000080700000, 0x0000000080700000|100%| O|  |TAMS 0x0000000080600000| PB 0x0000000080600000| Untracked |  0
|   7|0x0000000080700000, 0x0000000080800000, 0x0000000080800000|100%|HS|  |TAMS 0x0000000080700000| PB 0x0000000080700000| Complete |  0
|   8|0x0000000080800000, 0x0000000080900000, 0x0000000080900000|100%| O|  |TAMS 0x0000000080800000| PB 0x0000000080800000| Untracked |  0
|   9|0x0000000080900000, 0x0000000080a00000, 0x0000000080a00000|100%| O|  |TAMS 0x0000000080900000| PB 0x0000000080900000| Untracked |  0
|  10|0x0000000080a00000, 0x0000000080b00000, 0x0000000080b00000|100%| O|  |TAMS 0x0000000080a00000| PB 0x0000000080a00000| Untracked |  0
|  11|0x0000000080b00000, 0x0000000080c00000, 0x0000000080c00000|100%| O|  |TAMS 0x0000000080b00000| PB 0x0000000080b00000| Untracked |  0
|  12|0x0000000080c00000, 0x0000000080d00000, 0x0000000080d00000|100%| O|  |TAMS 0x0000000080c00000| PB 0x0000000080c00000| Untracked |  0
|  13|0x0000000080d00000, 0x0000000080e00000, 0x0000000080e00000|100%| O|  |TAMS 0x0000000080d00000| PB 0x0000000080d00000| Untracked |  0
|  14|0x0000000080e00000, 0x0000000080f00000, 0x0000000080f00000|100%| O|  |TAMS 0x0000000080e00000| PB 0x0000000080e00000| Untracked |  0
|  15|0x0000000080f00000, 0x0000000081000000, 0x0000000081000000|100%| O|  |TAMS 0x0000000080f00000| PB 0x0000000080f00000| Untracked |  0
|  16|0x0000000081000000, 0x0000000081100000, 0x0000000081100000|100%| O|  |TAMS 0x0000000081000000| PB 0x0000000081000000| Untracked |  0
|  17|0x0000000081100000, 0x0000000081200000, 0x0000000081200000|100%| O|  |TAMS 0x0000000081100000| PB 0x0000000081100000| Untracked |  0
|  18|0x0000000081200000, 0x0000000081300000, 0x0000000081300000|100%| O|  |TAMS 0x0000000081200000| PB 0x0000000081200000| Untracked |  0
|  19|0x0000000081300000, 0x0000000081400000, 0x0000000081400000|100%| O|  |TAMS 0x0000000081300000| PB 0x0000000081300000| Untracked |  0
|  20|0x0000000081400000, 0x0000000081500000, 0x0000000081500000|100%| O|  |TAMS 0x0000000081400000| PB 0x0000000081400000| Untracked |  0
|  21|0x0000000081500000, 0x0000000081600000, 0x0000000081600000|100%| O|  |TAMS 0x0000000081500000| PB 0x0000000081500000| Untracked |  0
|  22|0x0000000081600000, 0x0000000081700000, 0x0000000081700000|100%| O|  |TAMS 0x0000000081600000| PB 0x0000000081600000| Untracked |  0
|  23|0x0000000081700000, 0x0000000081800000, 0x0000000081800000|100%| O|  |TAMS 0x0000000081700000| PB 0x0000000081700000| Untracked |  0
|  24|0x0000000081800000, 0x0000000081900000, 0x0000000081900000|100%| O|  |TAMS 0x0000000081800000| PB 0x0000000081800000| Untracked |  0
|  25|0x0000000081900000, 0x0000000081a00000, 0x0000000081a00000|100%| O|  |TAMS 0x0000000081900000| PB 0x0000000081900000| Untracked |  0
|  26|0x0000000081a00000, 0x0000000081b00000, 0x0000000081b00000|100%| O|  |TAMS 0x0000000081a00000| PB 0x0000000081a00000| Untracked |  0
|  27|0x0000000081b00000, 0x0000000081c00000, 0x0000000081c00000|100%| O|  |TAMS 0x0000000081b00000| PB 0x0000000081b00000| Untracked |  0
|  28|0x0000000081c00000, 0x0000000081d00000, 0x0000000081d00000|100%| O|  |TAMS 0x0000000081c00000| PB 0x0000000081c00000| Untracked |  0
|  29|0x0000000081d00000, 0x0000000081e00000, 0x0000000081e00000|100%| O|  |TAMS 0x0000000081d00000| PB 0x0000000081d00000| Untracked |  0
|  30|0x0000000081e00000, 0x0000000081f00000, 0x0000000081f00000|100%| O|  |TAMS 0x0000000081e00000| PB 0x0000000081e00000| Untracked |  0
|  31|0x0000000081f00000, 0x0000000082000000, 0x0000000082000000|100%| O|  |TAMS 0x0000000081f00000| PB 0x0000000081f00000| Untracked |  0
|  32|0x0000000082000000, 0x0000000082100000, 0x0000000082100000|100%| O|  |TAMS 0x0000000082000000| PB 0x0000000082000000| Untracked |  0
|  33|0x0000000082100000, 0x0000000082200000, 0x0000000082200000|100%| O|  |TAMS 0x0000000082100000| PB 0x0000000082100000| Untracked |  0
|  34|0x0000000082200000, 0x0000000082300000, 0x0000000082300000|100%| O|  |TAMS 0x0000000082200000| PB 0x0000000082200000| Untracked |  0
|  35|0x0000000082300000, 0x0000000082400000, 0x0000000082400000|100%| O|  |TAMS 0x0000000082300000| PB 0x0000000082300000| Untracked |  0
|  36|0x0000000082400000, 0x0000000082500000, 0x0000000082500000|100%| O|  |TAMS 0x0000000082400000| PB 0x0000000082400000| Untracked |  0
|  37|0x0000000082500000, 0x0000000082600000, 0x0000000082600000|100%| O|  |TAMS 0x0000000082500000| PB 0x0000000082500000| Untracked |  0
|  38|0x0000000082600000, 0x0000000082700000, 0x0000000082700000|100%| O|  |TAMS 0x0000000082600000| PB 0x0000000082600000| Untracked |  0
|  39|0x0000000082700000, 0x0000000082800000, 0x0000000082800000|100%| O|  |TAMS 0x0000000082700000| PB 0x0000000082700000| Untracked |  0
|  40|0x0000000082800000, 0x0000000082900000, 0x0000000082900000|100%| O|  |TAMS 0x0000000082800000| PB 0x0000000082800000| Untracked |  0
|  41|0x0000000082900000, 0x0000000082a00000, 0x0000000082a00000|100%| O|  |TAMS 0x0000000082900000| PB 0x0000000082900000| Untracked |  0
|  42|0x0000000082a00000, 0x0000000082b00000, 0x0000000082b00000|100%|HS|  |TAMS 0x0000000082a00000| PB 0x0000000082a00000| Complete |  0
|  43|0x0000000082b00000, 0x0000000082c00000, 0x0000000082c00000|100%|HS|  |TAMS 0x0000000082b00000| PB 0x0000000082b00000| Complete |  0
|  44|0x0000000082c00000, 0x0000000082d00000, 0x0000000082d00000|100%|HS|  |TAMS 0x0000000082c00000| PB 0x0000000082c00000| Complete |  0
|  45|0x0000000082d00000, 0x0000000082e00000, 0x0000000082e00000|100%| O|  |TAMS 0x0000000082d00000| PB 0x0000000082d00000| Untracked |  0
|  46|0x0000000082e00000, 0x0000000082f00000, 0x0000000082f00000|100%| O|  |TAMS 0x0000000082e00000| PB 0x0000000082e00000| Untracked |  0
|  47|0x0000000082f00000, 0x0000000083000000, 0x0000000083000000|100%|HS|  |TAMS 0x0000000082f00000| PB 0x0000000082f00000| Complete |  0
|  48|0x0000000083000000, 0x0000000083100000, 0x0000000083100000|100%|HC|  |TAMS 0x0000000083000000| PB 0x0000000083000000| Complete |  0
|  49|0x0000000083100000, 0x0000000083200000, 0x0000000083200000|100%|HS|  |TAMS 0x0000000083100000| PB 0x0000000083100000| Complete |  0
|  50|0x0000000083200000, 0x0000000083300000, 0x0000000083300000|100%|HS|  |TAMS 0x0000000083200000| PB 0x0000000083200000| Complete |  0
|  51|0x0000000083300000, 0x0000000083400000, 0x0000000083400000|100%| O|  |TAMS 0x0000000083300000| PB 0x0000000083300000| Untracked |  0
|  52|0x0000000083400000, 0x0000000083500000, 0x0000000083500000|100%| O|  |TAMS 0x0000000083400000| PB 0x0000000083400000| Untracked |  0
|  53|0x0000000083500000, 0x0000000083600000, 0x0000000083600000|100%| O|  |TAMS 0x0000000083500000| PB 0x0000000083500000| Untracked |  0
|  54|0x0000000083600000, 0x0000000083700000, 0x0000000083700000|100%|HS|  |TAMS 0x0000000083600000| PB 0x0000000083600000| Complete |  0
|  55|0x0000000083700000, 0x0000000083800000, 0x0000000083800000|100%|HS|  |TAMS 0x0000000083700000| PB 0x0000000083700000| Complete |  0
|  56|0x0000000083800000, 0x0000000083900000, 0x0000000083900000|100%|HS|  |TAMS 0x0000000083800000| PB 0x0000000083800000| Complete |  0
|  57|0x0000000083900000, 0x0000000083a00000, 0x0000000083a00000|100%|HS|  |TAMS 0x0000000083900000| PB 0x0000000083900000| Complete |  0
|  58|0x0000000083a00000, 0x0000000083b00000, 0x0000000083b00000|100%|HC|  |TAMS 0x0000000083a00000| PB 0x0000000083a00000| Complete |  0
|  59|0x0000000083b00000, 0x0000000083c00000, 0x0000000083c00000|100%| O|  |TAMS 0x0000000083b00000| PB 0x0000000083b00000| Untracked |  0
|  60|0x0000000083c00000, 0x0000000083d00000, 0x0000000083d00000|100%| O|  |TAMS 0x0000000083c00000| PB 0x0000000083c00000| Untracked |  0
|  61|0x0000000083d00000, 0x0000000083e00000, 0x0000000083e00000|100%| O|  |TAMS 0x0000000083d00000| PB 0x0000000083d00000| Untracked |  0
|  62|0x0000000083e00000, 0x0000000083f00000, 0x0000000083f00000|100%| O|  |TAMS 0x0000000083e00000| PB 0x0000000083e00000| Untracked |  0
|  63|0x0000000083f00000, 0x0000000084000000, 0x0000000084000000|100%| O|  |TAMS 0x0000000083f00000| PB 0x0000000083f00000| Untracked |  0
|  64|0x0000000084000000, 0x0000000084100000, 0x0000000084100000|100%| O|  |TAMS 0x0000000084000000| PB 0x0000000084000000| Untracked |  0
|  65|0x0000000084100000, 0x0000000084200000, 0x0000000084200000|100%|HS|  |TAMS 0x0000000084100000| PB 0x0000000084100000| Complete |  0
|  66|0x0000000084200000, 0x0000000084300000, 0x0000000084300000|100%| O|  |TAMS 0x0000000084200000| PB 0x0000000084200000| Untracked |  0
|  67|0x0000000084300000, 0x0000000084400000, 0x0000000084400000|100%| O|  |TAMS 0x0000000084300000| PB 0x0000000084300000| Untracked |  0
|  68|0x0000000084400000, 0x0000000084500000, 0x0000000084500000|100%| O|  |TAMS 0x0000000084400000| PB 0x0000000084400000| Untracked |  0
|  69|0x0000000084500000, 0x0000000084600000, 0x0000000084600000|100%| O|  |TAMS 0x0000000084500000| PB 0x0000000084500000| Untracked |  0
|  70|0x0000000084600000, 0x0000000084700000, 0x0000000084700000|100%| O|  |TAMS 0x0000000084600000| PB 0x0000000084600000| Untracked |  0
|  71|0x0000000084700000, 0x0000000084800000, 0x0000000084800000|100%| O|  |TAMS 0x0000000084700000| PB 0x0000000084700000| Untracked |  0
|  72|0x0000000084800000, 0x0000000084900000, 0x0000000084900000|100%| O|  |TAMS 0x0000000084800000| PB 0x0000000084800000| Untracked |  0
|  73|0x0000000084900000, 0x0000000084a00000, 0x0000000084a00000|100%| O|  |TAMS 0x0000000084900000| PB 0x0000000084900000| Untracked |  0
|  74|0x0000000084a00000, 0x0000000084b00000, 0x0000000084b00000|100%| O|  |TAMS 0x0000000084a00000| PB 0x0000000084a00000| Untracked |  0
|  75|0x0000000084b00000, 0x0000000084c00000, 0x0000000084c00000|100%| O|  |TAMS 0x0000000084b00000| PB 0x0000000084b00000| Untracked |  0
|  76|0x0000000084c00000, 0x0000000084d00000, 0x0000000084d00000|100%| O|  |TAMS 0x0000000084c00000| PB 0x0000000084c00000| Untracked |  0
|  77|0x0000000084d00000, 0x0000000084e00000, 0x0000000084e00000|100%| O|  |TAMS 0x0000000084d00000| PB 0x0000000084d00000| Untracked |  0
|  78|0x0000000084e00000, 0x0000000084f00000, 0x0000000084f00000|100%| O|  |TAMS 0x0000000084e00000| PB 0x0000000084e00000| Untracked |  0
|  79|0x0000000084f00000, 0x0000000085000000, 0x0000000085000000|100%| O|  |TAMS 0x0000000084f00000| PB 0x0000000084f00000| Untracked |  0
|  80|0x0000000085000000, 0x0000000085100000, 0x0000000085100000|100%| O|  |TAMS 0x0000000085000000| PB 0x0000000085000000| Untracked |  0
|  81|0x0000000085100000, 0x0000000085200000, 0x0000000085200000|100%| O|  |TAMS 0x0000000085100000| PB 0x0000000085100000| Untracked |  0
|  82|0x0000000085200000, 0x0000000085300000, 0x0000000085300000|100%| O|  |TAMS 0x0000000085200000| PB 0x0000000085200000| Untracked |  0
|  83|0x0000000085300000, 0x0000000085400000, 0x0000000085400000|100%| O|  |TAMS 0x0000000085300000| PB 0x0000000085300000| Untracked |  0
|  84|0x0000000085400000, 0x0000000085500000, 0x0000000085500000|100%| O|  |TAMS 0x0000000085400000| PB 0x0000000085400000| Untracked |  0
|  85|0x0000000085500000, 0x0000000085600000, 0x0000000085600000|100%| O|  |TAMS 0x0000000085500000| PB 0x0000000085500000| Untracked |  0
|  86|0x0000000085600000, 0x0000000085700000, 0x0000000085700000|100%| O|  |TAMS 0x0000000085600000| PB 0x0000000085600000| Untracked |  0
|  87|0x0000000085700000, 0x0000000085800000, 0x0000000085800000|100%| O|  |TAMS 0x0000000085700000| PB 0x0000000085700000| Untracked |  0
|  88|0x0000000085800000, 0x0000000085900000, 0x0000000085900000|100%| O|  |TAMS 0x0000000085800000| PB 0x0000000085800000| Untracked |  0
|  89|0x0000000085900000, 0x000000008599aaa8, 0x0000000085a00000| 60%| O|  |TAMS 0x0000000085900000| PB 0x0000000085900000| Untracked |  0
|  90|0x0000000085a00000, 0x0000000085b00000, 0x0000000085b00000|100%| O|  |TAMS 0x0000000085a00000| PB 0x0000000085a00000| Untracked |  0
|  91|0x0000000085b00000, 0x0000000085c00000, 0x0000000085c00000|100%| O|  |TAMS 0x0000000085b00000| PB 0x0000000085b00000| Untracked |  0
|  92|0x0000000085c00000, 0x0000000085d00000, 0x0000000085d00000|100%| O|  |TAMS 0x0000000085c00000| PB 0x0000000085c00000| Untracked |  0
|  93|0x0000000085d00000, 0x0000000085e00000, 0x0000000085e00000|100%| O|  |TAMS 0x0000000085d00000| PB 0x0000000085d00000| Untracked |  0
|  94|0x0000000085e00000, 0x0000000085f00000, 0x0000000085f00000|100%| O|  |TAMS 0x0000000085e00000| PB 0x0000000085e00000| Untracked |  0
|  95|0x0000000085f00000, 0x0000000085f00000, 0x0000000086000000|  0%| F|  |TAMS 0x0000000085f00000| PB 0x0000000085f00000| Untracked |  0
|  96|0x0000000086000000, 0x0000000086100000, 0x0000000086100000|100%| O|  |TAMS 0x0000000086000000| PB 0x0000000086000000| Untracked |  0
|  97|0x0000000086100000, 0x0000000086200000, 0x0000000086200000|100%| O|  |TAMS 0x0000000086100000| PB 0x0000000086100000| Untracked |  0
|  98|0x0000000086200000, 0x0000000086300000, 0x0000000086300000|100%| O|  |TAMS 0x0000000086200000| PB 0x0000000086200000| Untracked |  0
|  99|0x0000000086300000, 0x0000000086400000, 0x0000000086400000|100%| O|  |TAMS 0x0000000086300000| PB 0x0000000086300000| Untracked |  0
| 100|0x0000000086400000, 0x0000000086500000, 0x0000000086500000|100%| O|  |TAMS 0x0000000086400000| PB 0x0000000086400000| Untracked |  0
| 101|0x0000000086500000, 0x0000000086600000, 0x0000000086600000|100%| O|  |TAMS 0x0000000086500000| PB 0x0000000086500000| Untracked |  0
| 102|0x0000000086600000, 0x0000000086700000, 0x0000000086700000|100%| O|  |TAMS 0x0000000086600000| PB 0x0000000086600000| Untracked |  0
| 103|0x0000000086700000, 0x0000000086800000, 0x0000000086800000|100%| O|  |TAMS 0x0000000086700000| PB 0x0000000086700000| Untracked |  0
| 104|0x0000000086800000, 0x0000000086900000, 0x0000000086900000|100%|HS|  |TAMS 0x0000000086800000| PB 0x0000000086800000| Complete |  0
| 105|0x0000000086900000, 0x0000000086a00000, 0x0000000086a00000|100%|HC|  |TAMS 0x0000000086900000| PB 0x0000000086900000| Complete |  0
| 106|0x0000000086a00000, 0x0000000086a00000, 0x0000000086b00000|  0%| F|  |TAMS 0x0000000086a00000| PB 0x0000000086a00000| Untracked |  0
| 107|0x0000000086b00000, 0x0000000086b00000, 0x0000000086c00000|  0%| F|  |TAMS 0x0000000086b00000| PB 0x0000000086b00000| Untracked |  0
| 108|0x0000000086c00000, 0x0000000086c00000, 0x0000000086d00000|  0%| F|  |TAMS 0x0000000086c00000| PB 0x0000000086c00000| Untracked |  0
| 109|0x0000000086d00000, 0x0000000086d00000, 0x0000000086e00000|  0%| F|  |TAMS 0x0000000086d00000| PB 0x0000000086d00000| Untracked |  0
| 110|0x0000000086e00000, 0x0000000086e00000, 0x0000000086f00000|  0%| F|  |TAMS 0x0000000086e00000| PB 0x0000000086e00000| Untracked |  0
| 111|0x0000000086f00000, 0x0000000086f00000, 0x0000000087000000|  0%| F|  |TAMS 0x0000000086f00000| PB 0x0000000086f00000| Untracked |  0
| 112|0x0000000087000000, 0x0000000087000000, 0x0000000087100000|  0%| F|  |TAMS 0x0000000087000000| PB 0x0000000087000000| Untracked |  0
| 113|0x0000000087100000, 0x0000000087100000, 0x0000000087200000|  0%| F|  |TAMS 0x0000000087100000| PB 0x0000000087100000| Untracked |  0
| 114|0x0000000087200000, 0x0000000087200000, 0x0000000087300000|  0%| F|  |TAMS 0x0000000087200000| PB 0x0000000087200000| Untracked |  0
| 115|0x0000000087300000, 0x0000000087380ef8, 0x0000000087400000| 50%| S|CS|TAMS 0x0000000087300000| PB 0x0000000087300000| Complete |  0
| 116|0x0000000087400000, 0x0000000087500000, 0x0000000087500000|100%| S|CS|TAMS 0x0000000087400000| PB 0x0000000087400000| Complete |  0
| 117|0x0000000087500000, 0x0000000087600000, 0x0000000087600000|100%| S|CS|TAMS 0x0000000087500000| PB 0x0000000087500000| Complete |  0
| 118|0x0000000087600000, 0x0000000087700000, 0x0000000087700000|100%| S|CS|TAMS 0x0000000087600000| PB 0x0000000087600000| Complete |  0
| 119|0x0000000087700000, 0x0000000087800000, 0x0000000087800000|100%| S|CS|TAMS 0x0000000087700000| PB 0x0000000087700000| Complete |  0
| 120|0x0000000087800000, 0x0000000087800000, 0x0000000087900000|  0%| F|  |TAMS 0x0000000087800000| PB 0x0000000087800000| Untracked |  0
| 121|0x0000000087900000, 0x0000000087900000, 0x0000000087a00000|  0%| F|  |TAMS 0x0000000087900000| PB 0x0000000087900000| Untracked |  0
| 122|0x0000000087a00000, 0x0000000087a00000, 0x0000000087b00000|  0%| F|  |TAMS 0x0000000087a00000| PB 0x0000000087a00000| Untracked |  0
| 123|0x0000000087b00000, 0x0000000087b00000, 0x0000000087c00000|  0%| F|  |TAMS 0x0000000087b00000| PB 0x0000000087b00000| Untracked |  0
| 124|0x0000000087c00000, 0x0000000087c00000, 0x0000000087d00000|  0%| F|  |TAMS 0x0000000087c00000| PB 0x0000000087c00000| Untracked |  0
| 125|0x0000000087d00000, 0x0000000087d00000, 0x0000000087e00000|  0%| F|  |TAMS 0x0000000087d00000| PB 0x0000000087d00000| Untracked |  0
| 126|0x0000000087e00000, 0x0000000087e00000, 0x0000000087f00000|  0%| F|  |TAMS 0x0000000087e00000| PB 0x0000000087e00000| Untracked |  0
| 127|0x0000000087f00000, 0x0000000087f00000, 0x0000000088000000|  0%| F|  |TAMS 0x0000000087f00000| PB 0x0000000087f00000| Untracked |  0
| 128|0x0000000088000000, 0x0000000088000000, 0x0000000088100000|  0%| F|  |TAMS 0x0000000088000000| PB 0x0000000088000000| Untracked |  0
| 129|0x0000000088100000, 0x0000000088100000, 0x0000000088200000|  0%| F|  |TAMS 0x0000000088100000| PB 0x0000000088100000| Untracked |  0
| 130|0x0000000088200000, 0x0000000088200000, 0x0000000088300000|  0%| F|  |TAMS 0x0000000088200000| PB 0x0000000088200000| Untracked |  0
| 131|0x0000000088300000, 0x0000000088300000, 0x0000000088400000|  0%| F|  |TAMS 0x0000000088300000| PB 0x0000000088300000| Untracked |  0
| 132|0x0000000088400000, 0x0000000088400000, 0x0000000088500000|  0%| F|  |TAMS 0x0000000088400000| PB 0x0000000088400000| Untracked |  0
| 133|0x0000000088500000, 0x0000000088500000, 0x0000000088600000|  0%| F|  |TAMS 0x0000000088500000| PB 0x0000000088500000| Untracked |  0
| 134|0x0000000088600000, 0x0000000088600000, 0x0000000088700000|  0%| F|  |TAMS 0x0000000088600000| PB 0x0000000088600000| Untracked |  0
| 135|0x0000000088700000, 0x0000000088700000, 0x0000000088800000|  0%| F|  |TAMS 0x0000000088700000| PB 0x0000000088700000| Untracked |  0
| 136|0x0000000088800000, 0x0000000088800000, 0x0000000088900000|  0%| F|  |TAMS 0x0000000088800000| PB 0x0000000088800000| Untracked |  0
| 137|0x0000000088900000, 0x0000000088900000, 0x0000000088a00000|  0%| F|  |TAMS 0x0000000088900000| PB 0x0000000088900000| Untracked |  0
| 138|0x0000000088a00000, 0x0000000088a00000, 0x0000000088b00000|  0%| F|  |TAMS 0x0000000088a00000| PB 0x0000000088a00000| Untracked |  0
| 139|0x0000000088b00000, 0x0000000088b00000, 0x0000000088c00000|  0%| F|  |TAMS 0x0000000088b00000| PB 0x0000000088b00000| Untracked |  0
| 140|0x0000000088c00000, 0x0000000088c00000, 0x0000000088d00000|  0%| F|  |TAMS 0x0000000088c00000| PB 0x0000000088c00000| Untracked |  0
| 141|0x0000000088d00000, 0x0000000088d00000, 0x0000000088e00000|  0%| F|  |TAMS 0x0000000088d00000| PB 0x0000000088d00000| Untracked |  0
| 142|0x0000000088e00000, 0x0000000088e00000, 0x0000000088f00000|  0%| F|  |TAMS 0x0000000088e00000| PB 0x0000000088e00000| Untracked |  0
| 143|0x0000000088f00000, 0x0000000088f00000, 0x0000000089000000|  0%| F|  |TAMS 0x0000000088f00000| PB 0x0000000088f00000| Untracked |  0
| 144|0x0000000089000000, 0x0000000089000000, 0x0000000089100000|  0%| F|  |TAMS 0x0000000089000000| PB 0x0000000089000000| Untracked |  0
| 145|0x0000000089100000, 0x0000000089100000, 0x0000000089200000|  0%| F|  |TAMS 0x0000000089100000| PB 0x0000000089100000| Untracked |  0
| 146|0x0000000089200000, 0x00000000892dec60, 0x0000000089300000| 87%| E|  |TAMS 0x0000000089200000| PB 0x0000000089200000| Complete |  0
| 147|0x0000000089300000, 0x0000000089400000, 0x0000000089400000|100%| E|CS|TAMS 0x0000000089300000| PB 0x0000000089300000| Complete |  0
| 148|0x0000000089400000, 0x0000000089500000, 0x0000000089500000|100%| E|CS|TAMS 0x0000000089400000| PB 0x0000000089400000| Complete |  0
| 149|0x0000000089500000, 0x0000000089600000, 0x0000000089600000|100%| E|CS|TAMS 0x0000000089500000| PB 0x0000000089500000| Complete |  0
| 150|0x0000000089600000, 0x0000000089700000, 0x0000000089700000|100%| E|  |TAMS 0x0000000089600000| PB 0x0000000089600000| Complete |  0
| 151|0x0000000089700000, 0x0000000089800000, 0x0000000089800000|100%| E|CS|TAMS 0x0000000089700000| PB 0x0000000089700000| Complete |  0
| 152|0x0000000089800000, 0x0000000089900000, 0x0000000089900000|100%| E|CS|TAMS 0x0000000089800000| PB 0x0000000089800000| Complete |  0
| 153|0x0000000089900000, 0x0000000089a00000, 0x0000000089a00000|100%| E|CS|TAMS 0x0000000089900000| PB 0x0000000089900000| Complete |  0
| 154|0x0000000089a00000, 0x0000000089b00000, 0x0000000089b00000|100%| E|CS|TAMS 0x0000000089a00000| PB 0x0000000089a00000| Complete |  0
| 155|0x0000000089b00000, 0x0000000089c00000, 0x0000000089c00000|100%| E|CS|TAMS 0x0000000089b00000| PB 0x0000000089b00000| Complete |  0
| 156|0x0000000089c00000, 0x0000000089d00000, 0x0000000089d00000|100%| E|CS|TAMS 0x0000000089c00000| PB 0x0000000089c00000| Complete |  0
| 157|0x0000000089d00000, 0x0000000089e00000, 0x0000000089e00000|100%| E|CS|TAMS 0x0000000089d00000| PB 0x0000000089d00000| Complete |  0
| 158|0x0000000089e00000, 0x0000000089f00000, 0x0000000089f00000|100%| E|CS|TAMS 0x0000000089e00000| PB 0x0000000089e00000| Complete |  0
| 159|0x0000000089f00000, 0x000000008a000000, 0x000000008a000000|100%| E|CS|TAMS 0x0000000089f00000| PB 0x0000000089f00000| Complete |  0
| 160|0x000000008a000000, 0x000000008a100000, 0x000000008a100000|100%| E|CS|TAMS 0x000000008a000000| PB 0x000000008a000000| Complete |  0
| 161|0x000000008a100000, 0x000000008a200000, 0x000000008a200000|100%| E|CS|TAMS 0x000000008a100000| PB 0x000000008a100000| Complete |  0
| 162|0x000000008a200000, 0x000000008a300000, 0x000000008a300000|100%| E|CS|TAMS 0x000000008a200000| PB 0x000000008a200000| Complete |  0
| 163|0x000000008a300000, 0x000000008a400000, 0x000000008a400000|100%| E|CS|TAMS 0x000000008a300000| PB 0x000000008a300000| Complete |  0
| 164|0x000000008a400000, 0x000000008a500000, 0x000000008a500000|100%| E|CS|TAMS 0x000000008a400000| PB 0x000000008a400000| Complete |  0
| 165|0x000000008a500000, 0x000000008a600000, 0x000000008a600000|100%| E|CS|TAMS 0x000000008a500000| PB 0x000000008a500000| Complete |  0
| 166|0x000000008a600000, 0x000000008a700000, 0x000000008a700000|100%| E|CS|TAMS 0x000000008a600000| PB 0x000000008a600000| Complete |  0
| 167|0x000000008a700000, 0x000000008a800000, 0x000000008a800000|100%| E|CS|TAMS 0x000000008a700000| PB 0x000000008a700000| Complete |  0
| 168|0x000000008a800000, 0x000000008a900000, 0x000000008a900000|100%| E|CS|TAMS 0x000000008a800000| PB 0x000000008a800000| Complete |  0
| 169|0x000000008a900000, 0x000000008aa00000, 0x000000008aa00000|100%| E|CS|TAMS 0x000000008a900000| PB 0x000000008a900000| Complete |  0
| 170|0x000000008aa00000, 0x000000008ab00000, 0x000000008ab00000|100%| E|CS|TAMS 0x000000008aa00000| PB 0x000000008aa00000| Complete |  0
| 171|0x000000008ab00000, 0x000000008ac00000, 0x000000008ac00000|100%| E|CS|TAMS 0x000000008ab00000| PB 0x000000008ab00000| Complete |  1
| 172|0x000000008ac00000, 0x000000008ad00000, 0x000000008ad00000|100%| E|CS|TAMS 0x000000008ac00000| PB 0x000000008ac00000| Complete |  0
| 173|0x000000008ad00000, 0x000000008ae00000, 0x000000008ae00000|100%| E|CS|TAMS 0x000000008ad00000| PB 0x000000008ad00000| Complete |  0
| 174|0x000000008ae00000, 0x000000008af00000, 0x000000008af00000|100%| E|CS|TAMS 0x000000008ae00000| PB 0x000000008ae00000| Complete |  0
| 175|0x000000008af00000, 0x000000008b000000, 0x000000008b000000|100%| E|CS|TAMS 0x000000008af00000| PB 0x000000008af00000| Complete |  0
| 176|0x000000008b000000, 0x000000008b100000, 0x000000008b100000|100%| E|CS|TAMS 0x000000008b000000| PB 0x000000008b000000| Complete |  0
| 177|0x000000008b100000, 0x000000008b200000, 0x000000008b200000|100%| E|CS|TAMS 0x000000008b100000| PB 0x000000008b100000| Complete |  0
| 178|0x000000008b200000, 0x000000008b300000, 0x000000008b300000|100%| E|CS|TAMS 0x000000008b200000| PB 0x000000008b200000| Complete |  0
| 179|0x000000008b300000, 0x000000008b400000, 0x000000008b400000|100%| E|CS|TAMS 0x000000008b300000| PB 0x000000008b300000| Complete |  1
| 180|0x000000008b400000, 0x000000008b500000, 0x000000008b500000|100%| E|CS|TAMS 0x000000008b400000| PB 0x000000008b400000| Complete |  0
| 181|0x000000008b500000, 0x000000008b600000, 0x000000008b600000|100%| E|CS|TAMS 0x000000008b500000| PB 0x000000008b500000| Complete |  0
| 182|0x000000008b600000, 0x000000008b700000, 0x000000008b700000|100%| E|CS|TAMS 0x000000008b600000| PB 0x000000008b600000| Complete |  0
| 183|0x000000008b700000, 0x000000008b800000, 0x000000008b800000|100%| E|CS|TAMS 0x000000008b700000| PB 0x000000008b700000| Complete |  0
| 184|0x000000008b800000, 0x000000008b900000, 0x000000008b900000|100%| E|CS|TAMS 0x000000008b800000| PB 0x000000008b800000| Complete |  0
| 185|0x000000008b900000, 0x000000008ba00000, 0x000000008ba00000|100%| E|CS|TAMS 0x000000008b900000| PB 0x000000008b900000| Complete |  0
| 186|0x000000008ba00000, 0x000000008bb00000, 0x000000008bb00000|100%| E|CS|TAMS 0x000000008ba00000| PB 0x000000008ba00000| Complete |  0
| 187|0x000000008bb00000, 0x000000008bc00000, 0x000000008bc00000|100%| E|CS|TAMS 0x000000008bb00000| PB 0x000000008bb00000| Complete |  0
| 188|0x000000008bc00000, 0x000000008bd00000, 0x000000008bd00000|100%| E|CS|TAMS 0x000000008bc00000| PB 0x000000008bc00000| Complete |  0
| 189|0x000000008bd00000, 0x000000008be00000, 0x000000008be00000|100%| E|CS|TAMS 0x000000008bd00000| PB 0x000000008bd00000| Complete |  0
| 190|0x000000008be00000, 0x000000008bf00000, 0x000000008bf00000|100%| E|CS|TAMS 0x000000008be00000| PB 0x000000008be00000| Complete |  0
| 191|0x000000008bf00000, 0x000000008c000000, 0x000000008c000000|100%| E|CS|TAMS 0x000000008bf00000| PB 0x000000008bf00000| Complete |  0
| 192|0x000000008c000000, 0x000000008c100000, 0x000000008c100000|100%| E|CS|TAMS 0x000000008c000000| PB 0x000000008c000000| Complete |  0
| 193|0x000000008c100000, 0x000000008c200000, 0x000000008c200000|100%| E|CS|TAMS 0x000000008c100000| PB 0x000000008c100000| Complete |  0
| 194|0x000000008c200000, 0x000000008c300000, 0x000000008c300000|100%| E|CS|TAMS 0x000000008c200000| PB 0x000000008c200000| Complete |  0
| 195|0x000000008c300000, 0x000000008c400000, 0x000000008c400000|100%| E|CS|TAMS 0x000000008c300000| PB 0x000000008c300000| Complete |  0
| 196|0x000000008c400000, 0x000000008c500000, 0x000000008c500000|100%| E|CS|TAMS 0x000000008c400000| PB 0x000000008c400000| Complete |  0
| 197|0x000000008c500000, 0x000000008c600000, 0x000000008c600000|100%| E|CS|TAMS 0x000000008c500000| PB 0x000000008c500000| Complete |  0
| 198|0x000000008c600000, 0x000000008c700000, 0x000000008c700000|100%| E|CS|TAMS 0x000000008c600000| PB 0x000000008c600000| Complete |  0
| 199|0x000000008c700000, 0x000000008c800000, 0x000000008c800000|100%| E|CS|TAMS 0x000000008c700000| PB 0x000000008c700000| Complete |  0
| 200|0x000000008c800000, 0x000000008c900000, 0x000000008c900000|100%| E|CS|TAMS 0x000000008c800000| PB 0x000000008c800000| Complete |  0
| 201|0x000000008c900000, 0x000000008ca00000, 0x000000008ca00000|100%| E|CS|TAMS 0x000000008c900000| PB 0x000000008c900000| Complete |  0
| 202|0x000000008ca00000, 0x000000008cb00000, 0x000000008cb00000|100%| E|CS|TAMS 0x000000008ca00000| PB 0x000000008ca00000| Complete |  0
| 203|0x000000008cb00000, 0x000000008cc00000, 0x000000008cc00000|100%| E|CS|TAMS 0x000000008cb00000| PB 0x000000008cb00000| Complete |  0
| 204|0x000000008cc00000, 0x000000008cd00000, 0x000000008cd00000|100%| E|CS|TAMS 0x000000008cc00000| PB 0x000000008cc00000| Complete |  0
| 205|0x000000008cd00000, 0x000000008ce00000, 0x000000008ce00000|100%| E|CS|TAMS 0x000000008cd00000| PB 0x000000008cd00000| Complete |  0
| 206|0x000000008ce00000, 0x000000008cf00000, 0x000000008cf00000|100%| E|CS|TAMS 0x000000008ce00000| PB 0x000000008ce00000| Complete |  0
| 207|0x000000008cf00000, 0x000000008d000000, 0x000000008d000000|100%| E|CS|TAMS 0x000000008cf00000| PB 0x000000008cf00000| Complete |  0
| 208|0x000000008d000000, 0x000000008d100000, 0x000000008d100000|100%| E|CS|TAMS 0x000000008d000000| PB 0x000000008d000000| Complete |  0
| 209|0x000000008d100000, 0x000000008d200000, 0x000000008d200000|100%| E|CS|TAMS 0x000000008d100000| PB 0x000000008d100000| Complete |  0
| 210|0x000000008d200000, 0x000000008d300000, 0x000000008d300000|100%| E|CS|TAMS 0x000000008d200000| PB 0x000000008d200000| Complete |  0
| 211|0x000000008d300000, 0x000000008d400000, 0x000000008d400000|100%| E|CS|TAMS 0x000000008d300000| PB 0x000000008d300000| Complete |  0
| 212|0x000000008d400000, 0x000000008d500000, 0x000000008d500000|100%| E|CS|TAMS 0x000000008d400000| PB 0x000000008d400000| Complete |  0
| 213|0x000000008d500000, 0x000000008d600000, 0x000000008d600000|100%| E|CS|TAMS 0x000000008d500000| PB 0x000000008d500000| Complete |  0
| 214|0x000000008d600000, 0x000000008d700000, 0x000000008d700000|100%| E|CS|TAMS 0x000000008d600000| PB 0x000000008d600000| Complete |  0
| 215|0x000000008d700000, 0x000000008d800000, 0x000000008d800000|100%| E|CS|TAMS 0x000000008d700000| PB 0x000000008d700000| Complete |  0
| 216|0x000000008d800000, 0x000000008d900000, 0x000000008d900000|100%| E|CS|TAMS 0x000000008d800000| PB 0x000000008d800000| Complete |  0
| 217|0x000000008d900000, 0x000000008da00000, 0x000000008da00000|100%| E|CS|TAMS 0x000000008d900000| PB 0x000000008d900000| Complete |  0
| 218|0x000000008da00000, 0x000000008db00000, 0x000000008db00000|100%| E|CS|TAMS 0x000000008da00000| PB 0x000000008da00000| Complete |  0
| 219|0x000000008db00000, 0x000000008dc00000, 0x000000008dc00000|100%| E|CS|TAMS 0x000000008db00000| PB 0x000000008db00000| Complete |  0
| 220|0x000000008dc00000, 0x000000008dd00000, 0x000000008dd00000|100%| E|CS|TAMS 0x000000008dc00000| PB 0x000000008dc00000| Complete |  0
| 221|0x000000008dd00000, 0x000000008de00000, 0x000000008de00000|100%| E|CS|TAMS 0x000000008dd00000| PB 0x000000008dd00000| Complete |  0
| 222|0x000000008de00000, 0x000000008df00000, 0x000000008df00000|100%| E|CS|TAMS 0x000000008de00000| PB 0x000000008de00000| Complete |  0
| 223|0x000000008df00000, 0x000000008e000000, 0x000000008e000000|100%| E|CS|TAMS 0x000000008df00000| PB 0x000000008df00000| Complete |  0
| 224|0x000000008e000000, 0x000000008e100000, 0x000000008e100000|100%| E|CS|TAMS 0x000000008e000000| PB 0x000000008e000000| Complete |  0
| 225|0x000000008e100000, 0x000000008e200000, 0x000000008e200000|100%| E|CS|TAMS 0x000000008e100000| PB 0x000000008e100000| Complete |  0
| 226|0x000000008e200000, 0x000000008e300000, 0x000000008e300000|100%| E|CS|TAMS 0x000000008e200000| PB 0x000000008e200000| Complete |  0
| 227|0x000000008e300000, 0x000000008e400000, 0x000000008e400000|100%| E|CS|TAMS 0x000000008e300000| PB 0x000000008e300000| Complete |  0
| 228|0x000000008e400000, 0x000000008e500000, 0x000000008e500000|100%| E|CS|TAMS 0x000000008e400000| PB 0x000000008e400000| Complete |  0
| 229|0x000000008e500000, 0x000000008e600000, 0x000000008e600000|100%| E|CS|TAMS 0x000000008e500000| PB 0x000000008e500000| Complete |  0
| 230|0x000000008e600000, 0x000000008e700000, 0x000000008e700000|100%| E|CS|TAMS 0x000000008e600000| PB 0x000000008e600000| Complete |  0
| 231|0x000000008e700000, 0x000000008e800000, 0x000000008e800000|100%| E|CS|TAMS 0x000000008e700000| PB 0x000000008e700000| Complete |  0
| 232|0x000000008e800000, 0x000000008e900000, 0x000000008e900000|100%| E|CS|TAMS 0x000000008e800000| PB 0x000000008e800000| Complete |  0
| 233|0x000000008e900000, 0x000000008ea00000, 0x000000008ea00000|100%| E|CS|TAMS 0x000000008e900000| PB 0x000000008e900000| Complete |  0
| 234|0x000000008ea00000, 0x000000008eb00000, 0x000000008eb00000|100%| E|CS|TAMS 0x000000008ea00000| PB 0x000000008ea00000| Complete |  0
| 235|0x000000008eb00000, 0x000000008ec00000, 0x000000008ec00000|100%| E|CS|TAMS 0x000000008eb00000| PB 0x000000008eb00000| Complete |  0
| 236|0x000000008ec00000, 0x000000008ed00000, 0x000000008ed00000|100%| E|CS|TAMS 0x000000008ec00000| PB 0x000000008ec00000| Complete |  0
| 237|0x000000008ed00000, 0x000000008ee00000, 0x000000008ee00000|100%| E|CS|TAMS 0x000000008ed00000| PB 0x000000008ed00000| Complete |  0
| 238|0x000000008ee00000, 0x000000008ef00000, 0x000000008ef00000|100%| E|CS|TAMS 0x000000008ee00000| PB 0x000000008ee00000| Complete |  0
| 239|0x000000008ef00000, 0x000000008f000000, 0x000000008f000000|100%| E|CS|TAMS 0x000000008ef00000| PB 0x000000008ef00000| Complete |  0
| 240|0x000000008f000000, 0x000000008f100000, 0x000000008f100000|100%| E|CS|TAMS 0x000000008f000000| PB 0x000000008f000000| Complete |  0
| 241|0x000000008f100000, 0x000000008f200000, 0x000000008f200000|100%| E|CS|TAMS 0x000000008f100000| PB 0x000000008f100000| Complete |  0
| 242|0x000000008f200000, 0x000000008f300000, 0x000000008f300000|100%| E|CS|TAMS 0x000000008f200000| PB 0x000000008f200000| Complete |  0
| 243|0x000000008f300000, 0x000000008f400000, 0x000000008f400000|100%| E|CS|TAMS 0x000000008f300000| PB 0x000000008f300000| Complete |  0
| 244|0x000000008f400000, 0x000000008f500000, 0x000000008f500000|100%| E|CS|TAMS 0x000000008f400000| PB 0x000000008f400000| Complete |  0
| 245|0x000000008f500000, 0x000000008f600000, 0x000000008f600000|100%| E|CS|TAMS 0x000000008f500000| PB 0x000000008f500000| Complete |  0
| 246|0x000000008f600000, 0x000000008f700000, 0x000000008f700000|100%| E|CS|TAMS 0x000000008f600000| PB 0x000000008f600000| Complete |  0
| 247|0x000000008f700000, 0x000000008f800000, 0x000000008f800000|100%| E|CS|TAMS 0x000000008f700000| PB 0x000000008f700000| Complete |  0
| 248|0x000000008f800000, 0x000000008f900000, 0x000000008f900000|100%| E|CS|TAMS 0x000000008f800000| PB 0x000000008f800000| Complete |  0
| 249|0x000000008f900000, 0x000000008fa00000, 0x000000008fa00000|100%| E|CS|TAMS 0x000000008f900000| PB 0x000000008f900000| Complete |  0
| 250|0x000000008fa00000, 0x000000008fb00000, 0x000000008fb00000|100%| E|CS|TAMS 0x000000008fa00000| PB 0x000000008fa00000| Complete |  0
| 251|0x000000008fb00000, 0x000000008fc00000, 0x000000008fc00000|100%| E|CS|TAMS 0x000000008fb00000| PB 0x000000008fb00000| Complete |  0
| 252|0x000000008fc00000, 0x000000008fd00000, 0x000000008fd00000|100%| E|CS|TAMS 0x000000008fc00000| PB 0x000000008fc00000| Complete |  0
| 253|0x000000008fd00000, 0x000000008fe00000, 0x000000008fe00000|100%| E|CS|TAMS 0x000000008fd00000| PB 0x000000008fd00000| Complete |  0
| 254|0x000000008fe00000, 0x000000008ff00000, 0x000000008ff00000|100%| E|CS|TAMS 0x000000008fe00000| PB 0x000000008fe00000| Complete |  0
| 255|0x000000008ff00000, 0x0000000090000000, 0x0000000090000000|100%| E|CS|TAMS 0x000000008ff00000| PB 0x000000008ff00000| Complete |  0
| 256|0x0000000090000000, 0x0000000090100000, 0x0000000090100000|100%| E|CS|TAMS 0x0000000090000000| PB 0x0000000090000000| Complete |  0
| 257|0x0000000090100000, 0x0000000090200000, 0x0000000090200000|100%| E|CS|TAMS 0x0000000090100000| PB 0x0000000090100000| Complete |  0
| 258|0x0000000090200000, 0x0000000090300000, 0x0000000090300000|100%| E|CS|TAMS 0x0000000090200000| PB 0x0000000090200000| Complete |  0
| 259|0x0000000090300000, 0x0000000090400000, 0x0000000090400000|100%| E|CS|TAMS 0x0000000090300000| PB 0x0000000090300000| Complete |  0
| 260|0x0000000090400000, 0x0000000090500000, 0x0000000090500000|100%| E|CS|TAMS 0x0000000090400000| PB 0x0000000090400000| Complete |  0
| 261|0x0000000090500000, 0x0000000090600000, 0x0000000090600000|100%| E|CS|TAMS 0x0000000090500000| PB 0x0000000090500000| Complete |  0
| 262|0x0000000090600000, 0x0000000090700000, 0x0000000090700000|100%| E|CS|TAMS 0x0000000090600000| PB 0x0000000090600000| Complete |  0
| 263|0x0000000090700000, 0x0000000090800000, 0x0000000090800000|100%| E|CS|TAMS 0x0000000090700000| PB 0x0000000090700000| Complete |  0
| 264|0x0000000090800000, 0x0000000090900000, 0x0000000090900000|100%| E|CS|TAMS 0x0000000090800000| PB 0x0000000090800000| Complete |  0
| 265|0x0000000090900000, 0x0000000090a00000, 0x0000000090a00000|100%| E|CS|TAMS 0x0000000090900000| PB 0x0000000090900000| Complete |  0
| 266|0x0000000090a00000, 0x0000000090b00000, 0x0000000090b00000|100%| E|CS|TAMS 0x0000000090a00000| PB 0x0000000090a00000| Complete |  0
| 267|0x0000000090b00000, 0x0000000090c00000, 0x0000000090c00000|100%| E|CS|TAMS 0x0000000090b00000| PB 0x0000000090b00000| Complete |  0
| 268|0x0000000090c00000, 0x0000000090d00000, 0x0000000090d00000|100%| E|CS|TAMS 0x0000000090c00000| PB 0x0000000090c00000| Complete |  0
| 269|0x0000000090d00000, 0x0000000090e00000, 0x0000000090e00000|100%| E|CS|TAMS 0x0000000090d00000| PB 0x0000000090d00000| Complete |  0
| 270|0x0000000090e00000, 0x0000000090f00000, 0x0000000090f00000|100%| E|CS|TAMS 0x0000000090e00000| PB 0x0000000090e00000| Complete |  0
| 271|0x0000000090f00000, 0x0000000091000000, 0x0000000091000000|100%| E|CS|TAMS 0x0000000090f00000| PB 0x0000000090f00000| Complete |  0
| 272|0x0000000091000000, 0x0000000091100000, 0x0000000091100000|100%| E|CS|TAMS 0x0000000091000000| PB 0x0000000091000000| Complete |  0
| 273|0x0000000091100000, 0x0000000091200000, 0x0000000091200000|100%| E|CS|TAMS 0x0000000091100000| PB 0x0000000091100000| Complete |  0
| 274|0x0000000091200000, 0x0000000091300000, 0x0000000091300000|100%| E|CS|TAMS 0x0000000091200000| PB 0x0000000091200000| Complete |  0
| 275|0x0000000091300000, 0x0000000091400000, 0x0000000091400000|100%| E|CS|TAMS 0x0000000091300000| PB 0x0000000091300000| Complete |  0
| 276|0x0000000091400000, 0x0000000091500000, 0x0000000091500000|100%| E|CS|TAMS 0x0000000091400000| PB 0x0000000091400000| Complete |  0
| 277|0x0000000091500000, 0x0000000091600000, 0x0000000091600000|100%| E|CS|TAMS 0x0000000091500000| PB 0x0000000091500000| Complete |  0
| 315|0x0000000093b00000, 0x0000000093c00000, 0x0000000093c00000|100%| E|CS|TAMS 0x0000000093b00000| PB 0x0000000093b00000| Complete |  0
|2031|0x00000000fef00000, 0x00000000ff000000, 0x00000000ff000000|100%| O|  |TAMS 0x00000000fef00000| PB 0x00000000fef00000| Untracked |  0
|2032|0x00000000ff000000, 0x00000000ff100000, 0x00000000ff100000|100%| E|CS|TAMS 0x00000000ff000000| PB 0x00000000ff000000| Complete |  0
|2033|0x00000000ff100000, 0x00000000ff200000, 0x00000000ff200000|100%| O|  |TAMS 0x00000000ff100000| PB 0x00000000ff100000| Untracked |  0
|2034|0x00000000ff200000, 0x00000000ff300000, 0x00000000ff300000|100%| O|  |TAMS 0x00000000ff200000| PB 0x00000000ff200000| Untracked |  0
|2035|0x00000000ff300000, 0x00000000ff400000, 0x00000000ff400000|100%| O|  |TAMS 0x00000000ff300000| PB 0x00000000ff300000| Untracked |  0
|2036|0x00000000ff400000, 0x00000000ff500000, 0x00000000ff500000|100%| E|CS|TAMS 0x00000000ff400000| PB 0x00000000ff400000| Complete |  0
|2037|0x00000000ff500000, 0x00000000ff600000, 0x00000000ff600000|100%| E|CS|TAMS 0x00000000ff500000| PB 0x00000000ff500000| Complete |  0
|2038|0x00000000ff600000, 0x00000000ff700000, 0x00000000ff700000|100%| O|  |TAMS 0x00000000ff600000| PB 0x00000000ff600000| Untracked |  0
|2039|0x00000000ff700000, 0x00000000ff800000, 0x00000000ff800000|100%| O|  |TAMS 0x00000000ff700000| PB 0x00000000ff700000| Untracked |  0
|2040|0x00000000ff800000, 0x00000000ff900000, 0x00000000ff900000|100%| O|  |TAMS 0x00000000ff800000| PB 0x00000000ff800000| Untracked |  0
|2041|0x00000000ff900000, 0x00000000ffa00000, 0x00000000ffa00000|100%| O|  |TAMS 0x00000000ff900000| PB 0x00000000ff900000| Untracked |  0
|2042|0x00000000ffa00000, 0x00000000ffb00000, 0x00000000ffb00000|100%| O|  |TAMS 0x00000000ffa00000| PB 0x00000000ffa00000| Untracked |  0
|2043|0x00000000ffb00000, 0x00000000ffc00000, 0x00000000ffc00000|100%| O|  |TAMS 0x00000000ffb00000| PB 0x00000000ffb00000| Untracked |  0
|2044|0x00000000ffc00000, 0x00000000ffd00000, 0x00000000ffd00000|100%| O|  |TAMS 0x00000000ffc00000| PB 0x00000000ffc00000| Untracked |  0
|2045|0x00000000ffd00000, 0x00000000ffe00000, 0x00000000ffe00000|100%| O|  |TAMS 0x00000000ffd00000| PB 0x00000000ffd00000| Untracked |  0
|2046|0x00000000ffe00000, 0x00000000fff00000, 0x00000000fff00000|100%| O|  |TAMS 0x00000000ffe00000| PB 0x00000000ffe00000| Untracked |  0
|2047|0x00000000fff00000, 0x0000000100000000, 0x0000000100000000|100%| O|  |TAMS 0x00000000fff00000| PB 0x00000000fff00000| Untracked |  0

Card table byte_map: [0x0000011c77590000,0x0000011c77990000] _byte_map_base: 0x0000011c77190000

Marking Bits: (CMBitMap*) 0x0000011c6206e770
 Bits: [0x0000011c77990000, 0x0000011c79990000)

Polling page: 0x0000011c621b0000

Metaspace:
Metaspace        used 128243K, committed 130688K, reserved 1179648K
 class space     used 18809K, committed 19968K, reserved 1048576K

Usage:
  Non-class:    106.88 MB used.
      Class:     18.37 MB used.
       Both:    125.25 MB used.

Virtual space:
  Non-class space:      128.00 MB reserved,     108.12 MB ( 84%) committed,  2 nodes.
      Class space:        1.00 GB reserved,      19.50 MB (  2%) committed,  1 nodes.
             Both:        1.12 GB reserved,     127.62 MB ( 11%) committed. 

Chunk freelists:
   Non-Class:  3.32 MB
       Class:  12.50 MB
        Both:  15.82 MB

MaxMetaspaceSize: unlimited
CompressedClassSpaceSize: 1.00 GB
Initial GC threshold: 21.00 MB
Current GC threshold: 206.50 MB
CDS: off
 - commit_granule_bytes: 65536.
 - commit_granule_words: 8192.
 - virtual_space_node_default_size: 8388608.
 - enlarge_chunks_in_place: 1.
UseCompressedClassPointers 1, UseCompactObjectHeaders 0
Narrow klass pointer bits 32, Max shift 3
Narrow klass base: 0x0000000000000000, Narrow klass shift: 0
Encoding Range: [0x0000000000000000 - 0x0000000100000000), (4294967296 bytes)
Klass Range:    [0x0000000019000000 - 0x0000000059000000), (1073741824 bytes)
Klass ID Range:  [419430400 - 1493172217) (1073741817)
No protection zone.


Internal statistics:

num_allocs_failed_limit: 9.
num_arena_births: 4786.
num_arena_deaths: 0.
num_vsnodes_births: 3.
num_vsnodes_deaths: 0.
num_space_committed: 2041.
num_space_uncommitted: 0.
num_chunks_returned_to_freelist: 9.
num_chunks_taken_from_freelist: 10081.
num_chunk_merges: 6.
num_chunk_splits: 6706.
num_chunks_enlarged: 4383.
num_inconsistent_stats: 0.

CodeHeap 'non-profiled nmethods': size=119168Kb used=7150Kb max_used=7150Kb free=112017Kb
 bounds [0x0000011c6f390000, 0x0000011c6fa90000, 0x0000011c767f0000]
CodeHeap 'profiled nmethods': size=119168Kb used=21153Kb max_used=21153Kb free=98014Kb
 bounds [0x0000011c677e0000, 0x0000011c68c90000, 0x0000011c6ec40000]
CodeHeap 'non-nmethods': size=7488Kb used=3229Kb max_used=3911Kb free=4258Kb
 bounds [0x0000011c6ec40000, 0x0000011c6f020000, 0x0000011c6f390000]
CodeCache: size=245824Kb, used=31532Kb, max_used=32214Kb, free=214289Kb
 total_blobs=15486, nmethods=14539, adapters=844, full_count=0
Compilation: enabled, stopped_count=0, restarted_count=0

Compilation events (20 events):
Event: 15.660 Thread 0x0000011c04b1e650 nmethod 16749 0x0000011c6fa7db08 code [0x0000011c6fa7dc00, 0x0000011c6fa7e1c8]
Event: 15.660 Thread 0x0000011c04b1e650 16750       4       com.android.zipflinger.Zip64::checkEntryPolicy (241 bytes)
Event: 15.661 Thread 0x0000011c7cb728c0 nmethod 16753 0x0000011c68bfa288 code [0x0000011c68bfa380, 0x0000011c68bfae88]
Event: 15.661 Thread 0x0000011c04b1e650 nmethod 16750 0x0000011c6fa7e208 code [0x0000011c6fa7e300, 0x0000011c6fa7e398]
Event: 15.661 Thread 0x0000011c04b1e650 16747       4       org.gradle.api.internal.changedetection.state.FallbackHandlingResourceHasher$$Lambda/0x00000000197e3a68::test (12 bytes)
Event: 15.661 Thread 0x0000011c04b22ee0 16755       3       org.gradle.cache.internal.AbstractFileAccess::<init> (5 bytes)
Event: 15.661 Thread 0x0000011c04b22ee0 nmethod 16755 0x0000011c68bfaf08 code [0x0000011c68bfb000, 0x0000011c68bfb160]
Event: 15.662 Thread 0x0000011c04b22ee0 16756       3       org.apache.commons.io.FileUtils::forceMkdir (6 bytes)
Event: 15.662 Thread 0x0000011c7cb728c0 16757       3       org.apache.commons.io.FileUtils::mkdirs (54 bytes)
Event: 15.662 Thread 0x0000011c04b22ee0 nmethod 16756 0x0000011c68bfb208 code [0x0000011c68bfb300, 0x0000011c68bfb410]
Event: 15.662 Thread 0x0000011c7cb728c0 nmethod 16757 0x0000011c68bfb508 code [0x0000011c68bfb600, 0x0000011c68bfc328]
Event: 15.664 Thread 0x0000011c04b22ee0 16758       3       java.util.EnumSet::of (22 bytes)
Event: 15.664 Thread 0x0000011c04b22ee0 nmethod 16758 0x0000011c68bfc388 code [0x0000011c68bfc480, 0x0000011c68bfca58]
Event: 15.667 Thread 0x0000011c04b22ee0 16759   !   3       java.io.FileOutputStream::<init> (388 bytes)
Event: 15.668 Thread 0x0000011c04b1be00 16760       3       java.io.BufferedOutputStream::<init> (51 bytes)
Event: 15.668 Thread 0x0000011c04b1be00 nmethod 16760 0x0000011c68bfca88 code [0x0000011c68bfcb80, 0x0000011c68bfd298]
Event: 15.669 Thread 0x0000011c04b1be00 16761       3       java.io.BufferedOutputStream::<init> (12 bytes)
Event: 15.669 Thread 0x0000011c7cb728c0 16762       3       java.io.BufferedOutputStream::initialBufferSize (23 bytes)
Event: 15.669 Thread 0x0000011c04b1be00 nmethod 16761 0x0000011c68bfd308 code [0x0000011c68bfd400, 0x0000011c68bfd878]
Event: 15.669 Thread 0x0000011c7cb728c0 nmethod 16762 0x0000011c68bfd888 code [0x0000011c68bfd980, 0x0000011c68bfdd58]

GC Heap Usage History (20 events):
Event: 11.319 {heap Before GC invocations=37 (full 0):
 garbage-first heap   total reserved 2097152K, committed 165888K, used 151043K [0x0000000080000000, 0x0000000100000000)
  region size 1024K, 62 young (63488K), 6 survivors (6144K)
}
Event: 11.323 {heap After GC invocations=38 (full 0):
 garbage-first heap   total reserved 2097152K, committed 165888K, used 97759K [0x0000000080000000, 0x0000000100000000)
  region size 1024K, 7 young (7168K), 7 survivors (7168K)
}
Event: 11.719 {heap Before GC invocations=38 (full 0):
 garbage-first heap   total reserved 2097152K, committed 165888K, used 153055K [0x0000000080000000, 0x0000000100000000)
  region size 1024K, 61 young (62464K), 7 survivors (7168K)
}
Event: 11.725 {heap After GC invocations=39 (full 0):
 garbage-first heap   total reserved 2097152K, committed 171008K, used 106656K [0x0000000080000000, 0x0000000100000000)
  region size 1024K, 8 young (8192K), 8 survivors (8192K)
}
Event: 12.249 {heap Before GC invocations=39 (full 0):
 garbage-first heap   total reserved 2097152K, committed 171008K, used 154784K [0x0000000080000000, 0x0000000100000000)
  region size 1024K, 55 young (56320K), 8 survivors (8192K)
}
Event: 12.259 {heap After GC invocations=40 (full 0):
 garbage-first heap   total reserved 2097152K, committed 171008K, used 113349K [0x0000000080000000, 0x0000000100000000)
  region size 1024K, 6 young (6144K), 6 survivors (6144K)
}
Event: 14.714 {heap Before GC invocations=41 (full 0):
 garbage-first heap   total reserved 2097152K, committed 189440K, used 156357K [0x0000000080000000, 0x0000000100000000)
  region size 1024K, 48 young (49152K), 6 survivors (6144K)
}
Event: 14.718 {heap After GC invocations=42 (full 0):
 garbage-first heap   total reserved 2097152K, committed 189440K, used 116419K [0x0000000080000000, 0x0000000100000000)
  region size 1024K, 3 young (3072K), 3 survivors (3072K)
}
Event: 14.971 {heap Before GC invocations=42 (full 0):
 garbage-first heap   total reserved 2097152K, committed 189440K, used 176835K [0x0000000080000000, 0x0000000100000000)
  region size 1024K, 58 young (59392K), 3 survivors (3072K)
}
Event: 14.975 {heap After GC invocations=43 (full 0):
 garbage-first heap   total reserved 2097152K, committed 189440K, used 120658K [0x0000000080000000, 0x0000000100000000)
  region size 1024K, 7 young (7168K), 7 survivors (7168K)
}
Event: 15.046 {heap Before GC invocations=43 (full 0):
 garbage-first heap   total reserved 2097152K, committed 189440K, used 172882K [0x0000000080000000, 0x0000000100000000)
  region size 1024K, 59 young (60416K), 7 survivors (7168K)
}
Event: 15.049 {heap After GC invocations=44 (full 0):
 garbage-first heap   total reserved 2097152K, committed 189440K, used 121028K [0x0000000080000000, 0x0000000100000000)
  region size 1024K, 5 young (5120K), 5 survivors (5120K)
}
Event: 15.163 {heap Before GC invocations=45 (full 0):
 garbage-first heap   total reserved 2097152K, committed 203776K, used 175300K [0x0000000080000000, 0x0000000100000000)
  region size 1024K, 59 young (60416K), 5 survivors (5120K)
}
Event: 15.166 {heap After GC invocations=46 (full 0):
 garbage-first heap   total reserved 2097152K, committed 203776K, used 123476K [0x0000000080000000, 0x0000000100000000)
  region size 1024K, 2 young (2048K), 2 survivors (2048K)
}
Event: 15.215 {heap Before GC invocations=46 (full 0):
 garbage-first heap   total reserved 2097152K, committed 203776K, used 190036K [0x0000000080000000, 0x0000000100000000)
  region size 1024K, 68 young (69632K), 2 survivors (2048K)
}
Event: 15.217 {heap After GC invocations=47 (full 0):
 garbage-first heap   total reserved 2097152K, committed 203776K, used 123253K [0x0000000080000000, 0x0000000100000000)
  region size 1024K, 3 young (3072K), 3 survivors (3072K)
}
Event: 15.268 {heap Before GC invocations=47 (full 0):
 garbage-first heap   total reserved 2097152K, committed 203776K, used 157045K [0x0000000080000000, 0x0000000100000000)
  region size 1024K, 38 young (38912K), 3 survivors (3072K)
}
Event: 15.270 {heap After GC invocations=48 (full 0):
 garbage-first heap   total reserved 2097152K, committed 303104K, used 123055K [0x0000000080000000, 0x0000000100000000)
  region size 1024K, 3 young (3072K), 3 survivors (3072K)
}
Event: 15.502 {heap Before GC invocations=48 (full 0):
 garbage-first heap   total reserved 2097152K, committed 303104K, used 285871K [0x0000000080000000, 0x0000000100000000)
  region size 1024K, 161 young (164864K), 3 survivors (3072K)
}
Event: 15.505 {heap After GC invocations=49 (full 0):
 garbage-first heap   total reserved 2097152K, committed 303104K, used 126062K [0x0000000080000000, 0x0000000100000000)
  region size 1024K, 5 young (5120K), 5 survivors (5120K)
}

Metaspace Usage History (20 events):
Event: 11.319 {metaspace Before GC invocations=37 (full 0):
 Metaspace       used 114621K, committed 117056K, reserved 1179648K
  class space    used 16942K, committed 18048K, reserved 1048576K
}
Event: 11.323 {metaspace After GC invocations=38 (full 0):
 Metaspace       used 114621K, committed 117056K, reserved 1179648K
  class space    used 16942K, committed 18048K, reserved 1048576K
}
Event: 11.719 {metaspace Before GC invocations=38 (full 0):
 Metaspace       used 115940K, committed 118272K, reserved 1179648K
  class space    used 17089K, committed 18176K, reserved 1048576K
}
Event: 11.725 {metaspace After GC invocations=39 (full 0):
 Metaspace       used 115940K, committed 118272K, reserved 1179648K
  class space    used 17089K, committed 18176K, reserved 1048576K
}
Event: 12.249 {metaspace Before GC invocations=39 (full 0):
 Metaspace       used 117721K, committed 120128K, reserved 1179648K
  class space    used 17328K, committed 18432K, reserved 1048576K
}
Event: 12.259 {metaspace After GC invocations=40 (full 0):
 Metaspace       used 117721K, committed 120128K, reserved 1179648K
  class space    used 17328K, committed 18432K, reserved 1048576K
}
Event: 14.714 {metaspace Before GC invocations=41 (full 0):
 Metaspace       used 119491K, committed 121920K, reserved 1179648K
  class space    used 17590K, committed 18752K, reserved 1048576K
}
Event: 14.718 {metaspace After GC invocations=42 (full 0):
 Metaspace       used 119491K, committed 121920K, reserved 1179648K
  class space    used 17590K, committed 18752K, reserved 1048576K
}
Event: 14.971 {metaspace Before GC invocations=42 (full 0):
 Metaspace       used 122523K, committed 124928K, reserved 1179648K
  class space    used 18040K, committed 19200K, reserved 1048576K
}
Event: 14.975 {metaspace After GC invocations=43 (full 0):
 Metaspace       used 122523K, committed 124928K, reserved 1179648K
  class space    used 18040K, committed 19200K, reserved 1048576K
}
Event: 15.046 {metaspace Before GC invocations=43 (full 0):
 Metaspace       used 123814K, committed 126272K, reserved 1179648K
  class space    used 18226K, committed 19392K, reserved 1048576K
}
Event: 15.049 {metaspace After GC invocations=44 (full 0):
 Metaspace       used 123814K, committed 126272K, reserved 1179648K
  class space    used 18226K, committed 19392K, reserved 1048576K
}
Event: 15.163 {metaspace Before GC invocations=45 (full 0):
 Metaspace       used 124594K, committed 127040K, reserved 1179648K
  class space    used 18329K, committed 19456K, reserved 1048576K
}
Event: 15.166 {metaspace After GC invocations=46 (full 0):
 Metaspace       used 124594K, committed 127040K, reserved 1179648K
  class space    used 18329K, committed 19456K, reserved 1048576K
}
Event: 15.215 {metaspace Before GC invocations=46 (full 0):
 Metaspace       used 124907K, committed 127360K, reserved 1179648K
  class space    used 18357K, committed 19520K, reserved 1048576K
}
Event: 15.217 {metaspace After GC invocations=47 (full 0):
 Metaspace       used 124907K, committed 127360K, reserved 1179648K
  class space    used 18357K, committed 19520K, reserved 1048576K
}
Event: 15.268 {metaspace Before GC invocations=47 (full 0):
 Metaspace       used 125366K, committed 127808K, reserved 1179648K
  class space    used 18408K, committed 19520K, reserved 1048576K
}
Event: 15.270 {metaspace After GC invocations=48 (full 0):
 Metaspace       used 125366K, committed 127808K, reserved 1179648K
  class space    used 18408K, committed 19520K, reserved 1048576K
}
Event: 15.502 {metaspace Before GC invocations=48 (full 0):
 Metaspace       used 126719K, committed 129152K, reserved 1179648K
  class space    used 18594K, committed 19776K, reserved 1048576K
}
Event: 15.505 {metaspace After GC invocations=49 (full 0):
 Metaspace       used 126719K, committed 129152K, reserved 1179648K
  class space    used 18594K, committed 19776K, reserved 1048576K
}

Dll operation events (3 events):
Event: 0.012 Loaded shared library C:\Program Files\Android\Android Studio\jbr\bin\java.dll
Event: 0.018 Loaded shared library C:\Program Files\Android\Android Studio\jbr\bin\zip.dll
Event: 0.624 Loaded shared library C:\Program Files\Android\Android Studio\jbr\bin\verify.dll

Deoptimization events (20 events):
Event: 15.589 Thread 0x0000011c07d22870 Uncommon trap: trap_request=0xffffff45 fr.pc=0x0000011c6f6d2c74 relative=0x00000000000013f4
Event: 15.589 Thread 0x0000011c07d22870 Uncommon trap: reason=unstable_if action=reinterpret pc=0x0000011c6f6d2c74 method=sun.nio.ch.IOUtil.writeFromNativeBuffer(Ljava/io/FileDescriptor;Ljava/nio/ByteBuffer;JZZILsun/nio/ch/NativeDispatcher;)I @ 76 c2
Event: 15.589 Thread 0x0000011c07d22870 DEOPT PACKING pc=0x0000011c6f6d2c74 sp=0x000000107b6fab30
Event: 15.589 Thread 0x0000011c07d22870 DEOPT UNPACKING pc=0x0000011c6ed58582 sp=0x000000107b6faa38 mode 2
Event: 15.624 Thread 0x0000011c059a59d0 Uncommon trap: trap_request=0xffffff45 fr.pc=0x0000011c6f4b8120 relative=0x0000000000000320
Event: 15.624 Thread 0x0000011c059a59d0 Uncommon trap: reason=unstable_if action=reinterpret pc=0x0000011c6f4b8120 method=java.util.zip.Inflater.inflate([BII)I @ 31 c2
Event: 15.624 Thread 0x0000011c059a59d0 DEOPT PACKING pc=0x0000011c6f4b8120 sp=0x000000107affa8c0
Event: 15.624 Thread 0x0000011c059a59d0 DEOPT UNPACKING pc=0x0000011c6ed58582 sp=0x000000107affa830 mode 2
Event: 15.648 Thread 0x0000011c7cb85840 Uncommon trap: trap_request=0xffffff45 fr.pc=0x0000011c6f4fe420 relative=0x00000000000001a0
Event: 15.648 Thread 0x0000011c7cb85840 Uncommon trap: reason=unstable_if action=reinterpret pc=0x0000011c6f4fe420 method=java.util.stream.StreamOpFlag.getMask(I)I @ 1 c2
Event: 15.648 Thread 0x0000011c7cb85840 DEOPT PACKING pc=0x0000011c6f4fe420 sp=0x000000107d0fa4b0
Event: 15.648 Thread 0x0000011c7cb85840 DEOPT UNPACKING pc=0x0000011c6ed58582 sp=0x000000107d0fa370 mode 2
Event: 15.665 Thread 0x0000011c059a5200 Uncommon trap: trap_request=0xffffff45 fr.pc=0x0000011c6f46fe64 relative=0x00000000000004e4
Event: 15.665 Thread 0x0000011c059a5200 Uncommon trap: reason=unstable_if action=reinterpret pc=0x0000011c6f46fe64 method=jdk.internal.misc.Unsafe.copyMemory(Ljava/lang/Object;JLjava/lang/Object;JJ)V @ 16 c2
Event: 15.665 Thread 0x0000011c059a5200 DEOPT PACKING pc=0x0000011c6f46fe64 sp=0x000000107aefac00
Event: 15.665 Thread 0x0000011c059a5200 DEOPT UNPACKING pc=0x0000011c6ed58582 sp=0x000000107aefa918 mode 2
Event: 15.665 Thread 0x0000011c059a5200 Uncommon trap: trap_request=0xffffff45 fr.pc=0x0000011c6f6d0bec relative=0x00000000000001ec
Event: 15.665 Thread 0x0000011c059a5200 Uncommon trap: reason=unstable_if action=reinterpret pc=0x0000011c6f6d0bec method=sun.nio.ch.IOUtil.writeFromNativeBuffer(Ljava/io/FileDescriptor;Ljava/nio/ByteBuffer;JZZILsun/nio/ch/NativeDispatcher;)I @ 76 c2
Event: 15.665 Thread 0x0000011c059a5200 DEOPT PACKING pc=0x0000011c6f6d0bec sp=0x000000107aefac70
Event: 15.665 Thread 0x0000011c059a5200 DEOPT UNPACKING pc=0x0000011c6ed58582 sp=0x000000107aefabc8 mode 2

Classes loaded (20 events):
Event: 15.359 Loading class java/io/FileReader
Event: 15.359 Loading class java/io/FileReader done
Event: 15.366 Loading class java/util/concurrent/ConcurrentLinkedDeque
Event: 15.368 Loading class java/util/concurrent/ConcurrentLinkedDeque done
Event: 15.368 Loading class java/util/concurrent/ConcurrentLinkedDeque$Node
Event: 15.368 Loading class java/util/concurrent/ConcurrentLinkedDeque$Node done
Event: 15.405 Loading class com/sun/org/apache/xerces/internal/dom/DOMImplementationImpl
Event: 15.405 Loading class org/w3c/dom/DOMImplementation
Event: 15.405 Loading class org/w3c/dom/DOMImplementation done
Event: 15.405 Loading class com/sun/org/apache/xerces/internal/dom/CoreDOMImplementationImpl
Event: 15.406 Loading class org/w3c/dom/ls/DOMImplementationLS
Event: 15.406 Loading class org/w3c/dom/ls/DOMImplementationLS done
Event: 15.406 Loading class com/sun/org/apache/xerces/internal/dom/CoreDOMImplementationImpl done
Event: 15.406 Loading class com/sun/org/apache/xerces/internal/dom/DOMImplementationImpl done
Event: 15.406 Loading class com/sun/org/apache/xerces/internal/dom/DeferredDOMImplementationImpl
Event: 15.406 Loading class com/sun/org/apache/xerces/internal/dom/DeferredDOMImplementationImpl done
Event: 15.408 Loading class org/w3c/dom/Comment
Event: 15.408 Loading class org/w3c/dom/Comment done
Event: 15.465 Loading class java/io/UTFDataFormatException
Event: 15.465 Loading class java/io/UTFDataFormatException done

Classes unloaded (0 events):
No events

Classes redefined (0 events):
No events

Internal exceptions (20 events):
Event: 15.670 Thread 0x0000011c0f18a1e0 Exception <a 'sun/nio/fs/WindowsException'{0x000000008cb9bfd8}> (0x000000008cb9bfd8) 
thrown [s\src\hotspot\share\prims\jni.cpp, line 535]
Event: 15.670 Thread 0x0000011c059a4260 Exception <a 'sun/nio/fs/WindowsException'{0x000000008cb89908}> (0x000000008cb89908) 
thrown [s\src\hotspot\share\prims\jni.cpp, line 535]
Event: 15.670 Thread 0x0000011c059a59d0 Exception <a 'sun/nio/fs/WindowsException'{0x000000008cef9600}> (0x000000008cef9600) 
thrown [s\src\hotspot\share\prims\jni.cpp, line 535]
Event: 15.670 Thread 0x0000011c0f186b30 Exception <a 'sun/nio/fs/WindowsException'{0x000000008cad4d38}> (0x000000008cad4d38) 
thrown [s\src\hotspot\share\prims\jni.cpp, line 535]
Event: 15.670 Thread 0x0000011c075f1720 Exception <a 'sun/nio/fs/WindowsException'{0x000000008cae44e8}> (0x000000008cae44e8) 
thrown [s\src\hotspot\share\prims\jni.cpp, line 535]
Event: 15.670 Thread 0x0000011c059a4260 Exception <a 'sun/nio/fs/WindowsException'{0x000000008cb8b0b0}> (0x000000008cb8b0b0) 
thrown [s\src\hotspot\share\prims\jni.cpp, line 535]
Event: 15.670 Thread 0x0000011c0f1882a0 Exception <a 'sun/nio/fs/WindowsException'{0x000000008cb74338}> (0x000000008cb74338) 
thrown [s\src\hotspot\share\prims\jni.cpp, line 535]
Event: 15.671 Thread 0x0000011c059a59d0 Exception <a 'sun/nio/fs/WindowsException'{0x000000008cefada8}> (0x000000008cefada8) 
thrown [s\src\hotspot\share\prims\jni.cpp, line 535]
Event: 15.671 Thread 0x0000011c059a4260 Exception <a 'sun/nio/fs/WindowsException'{0x000000008cb8bc18}> (0x000000008cb8bc18) 
thrown [s\src\hotspot\share\prims\jni.cpp, line 535]
Event: 15.671 Thread 0x0000011c059a59d0 Exception <a 'sun/nio/fs/WindowsException'{0x000000008cefb910}> (0x000000008cefb910) 
thrown [s\src\hotspot\share\prims\jni.cpp, line 535]
Event: 15.671 Thread 0x0000011c059a5200 Exception <a 'sun/nio/fs/WindowsException'{0x000000008cf84f58}> (0x000000008cf84f58) 
thrown [s\src\hotspot\share\prims\jni.cpp, line 535]
Event: 15.671 Thread 0x0000011c0f189240 Exception <a 'sun/nio/fs/WindowsException'{0x000000008ce688b8}> (0x000000008ce688b8) 
thrown [s\src\hotspot\share\prims\jni.cpp, line 535]
Event: 15.672 Thread 0x0000011c059a4260 Exception <a 'sun/nio/fs/WindowsException'{0x000000008c905bf8}> (0x000000008c905bf8) 
thrown [s\src\hotspot\share\prims\jni.cpp, line 535]
Event: 15.672 Thread 0x0000011c059a59d0 Exception <a 'sun/nio/fs/WindowsException'{0x000000008c90e3f0}> (0x000000008c90e3f0) 
thrown [s\src\hotspot\share\prims\jni.cpp, line 535]
Event: 15.672 Thread 0x0000011c059a4260 Exception <a 'sun/nio/fs/WindowsException'{0x000000008c906a50}> (0x000000008c906a50) 
thrown [s\src\hotspot\share\prims\jni.cpp, line 535]
Event: 15.672 Thread 0x0000011c059a59d0 Exception <a 'sun/nio/fs/WindowsException'{0x000000008c90f248}> (0x000000008c90f248) 
thrown [s\src\hotspot\share\prims\jni.cpp, line 535]
Event: 15.673 Thread 0x0000011c059a4260 Exception <a 'sun/nio/fs/WindowsException'{0x000000008c90ae18}> (0x000000008c90ae18) 
thrown [s\src\hotspot\share\prims\jni.cpp, line 535]
Event: 15.674 Thread 0x0000011c075f1ef0 Exception <a 'sun/nio/fs/WindowsException'{0x000000008c953210}> (0x000000008c953210) 
thrown [s\src\hotspot\share\prims\jni.cpp, line 535]
Event: 15.674 Thread 0x0000011c059a59d0 Exception <a 'sun/nio/fs/WindowsException'{0x000000008c916d10}> (0x000000008c916d10) 
thrown [s\src\hotspot\share\prims\jni.cpp, line 535]
Event: 15.674 Thread 0x0000011c059a59d0 Exception <a 'sun/nio/fs/WindowsException'{0x000000008c916ec0}> (0x000000008c916ec0) 
thrown [s\src\hotspot\share\prims\jni.cpp, line 535]

VM Operations (20 events):
Event: 15.011 Executing non-safepoint VM operation: HandshakeAllThreads (Deoptimize)
Event: 15.012 Executing non-safepoint VM operation: HandshakeAllThreads (Deoptimize) done
Event: 15.014 Executing non-safepoint VM operation: HandshakeAllThreads (Deoptimize)
Event: 15.014 Executing non-safepoint VM operation: HandshakeAllThreads (Deoptimize) done
Event: 15.043 Executing safepoint VM operation: G1CollectForAllocation (G1 Evacuation Pause)
Event: 15.049 Executing safepoint VM operation: G1CollectForAllocation (G1 Evacuation Pause) done
Event: 15.116 Executing safepoint VM operation: G1PauseRemark
Event: 15.121 Executing safepoint VM operation: G1PauseRemark done
Event: 15.145 Executing safepoint VM operation: G1PauseCleanup
Event: 15.145 Executing safepoint VM operation: G1PauseCleanup done
Event: 15.163 Executing safepoint VM operation: G1CollectForAllocation (G1 Evacuation Pause)
Event: 15.166 Executing safepoint VM operation: G1CollectForAllocation (G1 Evacuation Pause) done
Event: 15.215 Executing safepoint VM operation: G1CollectForAllocation (G1 Evacuation Pause)
Event: 15.217 Executing safepoint VM operation: G1CollectForAllocation (G1 Evacuation Pause) done
Event: 15.268 Executing safepoint VM operation: G1TryInitiateConcMark (G1 Humongous Allocation)
Event: 15.270 Executing safepoint VM operation: G1TryInitiateConcMark (G1 Humongous Allocation) done
Event: 15.363 Executing non-safepoint VM operation: HandshakeAllThreads (Deoptimize)
Event: 15.363 Executing non-safepoint VM operation: HandshakeAllThreads (Deoptimize) done
Event: 15.502 Executing safepoint VM operation: G1CollectForAllocation (G1 Evacuation Pause)
Event: 15.505 Executing safepoint VM operation: G1CollectForAllocation (G1 Evacuation Pause) done

Memory protections (0 events):
No events

Nmethod flushes (20 events):
Event: 15.119 Thread 0x0000011c7c4a2060 flushing  nmethod 0x0000011c68670c08
Event: 15.119 Thread 0x0000011c7c4a2060 flushing  nmethod 0x0000011c68674908
Event: 15.119 Thread 0x0000011c7c4a2060 flushing  nmethod 0x0000011c6891d688
Event: 15.119 Thread 0x0000011c7c4a2060 flushing  nmethod 0x0000011c6f87b788
Event: 15.119 Thread 0x0000011c7c4a2060 flushing  nmethod 0x0000011c6f87bb08
Event: 15.119 Thread 0x0000011c7c4a2060 flushing  nmethod 0x0000011c679d4e88
Event: 15.119 Thread 0x0000011c7c4a2060 flushing  nmethod 0x0000011c67b92908
Event: 15.119 Thread 0x0000011c7c4a2060 flushing  nmethod 0x0000011c67e51188
Event: 15.119 Thread 0x0000011c7c4a2060 flushing  nmethod 0x0000011c67eded88
Event: 15.119 Thread 0x0000011c7c4a2060 flushing  nmethod 0x0000011c67f37208
Event: 15.119 Thread 0x0000011c7c4a2060 flushing  nmethod 0x0000011c67f97b88
Event: 15.119 Thread 0x0000011c7c4a2060 flushing  nmethod 0x0000011c6805b808
Event: 15.119 Thread 0x0000011c7c4a2060 flushing  nmethod 0x0000011c681caf88
Event: 15.119 Thread 0x0000011c7c4a2060 flushing  nmethod 0x0000011c681cb888
Event: 15.119 Thread 0x0000011c7c4a2060 flushing  nmethod 0x0000011c681cbc88
Event: 15.119 Thread 0x0000011c7c4a2060 flushing  nmethod 0x0000011c68232c88
Event: 15.119 Thread 0x0000011c7c4a2060 flushing  nmethod 0x0000011c68234c08
Event: 15.119 Thread 0x0000011c7c4a2060 flushing  nmethod 0x0000011c682a7208
Event: 15.119 Thread 0x0000011c7c4a2060 flushing  nmethod 0x0000011c682a7508
Event: 15.119 Thread 0x0000011c7c4a2060 flushing  nmethod 0x0000011c68655608

Events (20 events):
Event: 14.720 Thread 0x0000011c0f1824e0 Thread exited: 0x0000011c0f1824e0
Event: 14.831 Thread 0x0000011c046a74d0 Thread added: 0x0000011c0f185b90
Event: 14.837 Thread 0x0000011c0f185b90 Thread added: 0x0000011c0f186b30
Event: 14.837 Thread 0x0000011c0f185b90 Thread added: 0x0000011c0f189240
Event: 14.837 Thread 0x0000011c0f185b90 Thread added: 0x0000011c0f1882a0
Event: 14.837 Thread 0x0000011c0f185b90 Thread added: 0x0000011c0f187300
Event: 14.837 Thread 0x0000011c0f185b90 Thread added: 0x0000011c0f187ad0
Event: 14.837 Thread 0x0000011c0f185b90 Thread added: 0x0000011c0f18a1e0
Event: 14.837 Thread 0x0000011c0f185b90 Thread added: 0x0000011c0f189a10
Event: 14.837 Thread 0x0000011c0f185b90 Thread added: 0x0000011c0f18b180
Event: 14.837 Thread 0x0000011c0f185b90 Thread added: 0x0000011c06ad0f80
Event: 14.837 Thread 0x0000011c0f185b90 Thread added: 0x0000011c06ad7510
Event: 14.837 Thread 0x0000011c0f185b90 Thread added: 0x0000011c7cd33590
Event: 14.837 Thread 0x0000011c0f185b90 Thread added: 0x0000011c7cb85840
Event: 14.837 Thread 0x0000011c0f185b90 Thread added: 0x0000011c075f1ef0
Event: 14.837 Thread 0x0000011c0f185b90 Thread added: 0x0000011c075ef010
Event: 14.837 Thread 0x0000011c0f185b90 Thread added: 0x0000011c075f1720
Event: 14.851 Thread 0x0000011c0f187ad0 Thread added: 0x0000011c075f4dd0
Event: 15.007 Thread 0x0000011c0f185b90 Thread added: 0x0000011c075f6540
Event: 15.037 Thread 0x0000011c0f1882a0 Thread added: 0x0000011c075f7cb0


Dynamic libraries:
0x00007ff6f0880000 - 0x00007ff6f088a000 	C:\Program Files\Android\Android Studio\jbr\bin\java.exe
0x00007ffdfe360000 - 0x00007ffdfe5c7000 	C:\Windows\SYSTEM32\ntdll.dll
0x00007ffdfc970000 - 0x00007ffdfca3b000 	C:\Windows\System32\KERNEL32.DLL
0x00007ffdfba30000 - 0x00007ffdfbe32000 	C:\Windows\System32\KERNELBASE.dll
0x00007ffdfb6c0000 - 0x00007ffdfb80c000 	C:\Windows\System32\ucrtbase.dll
0x00007ffdf3cf0000 - 0x00007ffdf3d06000 	C:\Program Files\Android\Android Studio\jbr\bin\jli.dll
0x00007ffdd8c00000 - 0x00007ffdd8c1b000 	C:\Program Files\Android\Android Studio\jbr\bin\VCRUNTIME140.dll
0x00007ffdfc150000 - 0x00007ffdfc31f000 	C:\Windows\System32\USER32.dll
0x00007ffddffa0000 - 0x00007ffde0230000 	C:\Windows\WinSxS\amd64_microsoft.windows.common-controls_6595b64144ccf1df_6.0.26100.9278_none_3e0d1ba8e3303201\COMCTL32.dll
0x00007ffdfb690000 - 0x00007ffdfb6b7000 	C:\Windows\System32\win32u.dll
0x00007ffdfe2f0000 - 0x00007ffdfe31b000 	C:\Windows\System32\GDI32.dll
0x00007ffdfcb00000 - 0x00007ffdfcba9000 	C:\Windows\System32\msvcrt.dll
0x00007ffdfb560000 - 0x00007ffdfb689000 	C:\Windows\System32\gdi32full.dll
0x00007ffdfbfd0000 - 0x00007ffdfc073000 	C:\Windows\System32\msvcp_win.dll
0x00007ffdfe1b0000 - 0x00007ffdfe1e1000 	C:\Windows\System32\IMM32.DLL
0x00007ffdf3b30000 - 0x00007ffdf3b3c000 	C:\Program Files\Android\Android Studio\jbr\bin\vcruntime140_1.dll
0x00007ffd87e00000 - 0x00007ffd87e8d000 	C:\Program Files\Android\Android Studio\jbr\bin\msvcp140.dll
0x00007ffd7c000000 - 0x00007ffd7cedd000 	C:\Program Files\Android\Android Studio\jbr\bin\server\jvm.dll
0x00007ffdfc390000 - 0x00007ffdfc44c000 	C:\Windows\System32\ADVAPI32.dll
0x00007ffdfca40000 - 0x00007ffdfcae9000 	C:\Windows\System32\sechost.dll
0x00007ffdfce40000 - 0x00007ffdfcf58000 	C:\Windows\System32\RPCRT4.dll
0x00007ffdfcf60000 - 0x00007ffdfcfe0000 	C:\Windows\System32\WS2_32.dll
0x00007ffdf7d50000 - 0x00007ffdf7d86000 	C:\Windows\SYSTEM32\WINMM.dll
0x00007ffdfa050000 - 0x00007ffdfa0ae000 	C:\Windows\SYSTEM32\POWRPROF.dll
0x00007ffdf0b30000 - 0x00007ffdf0b3b000 	C:\Windows\SYSTEM32\VERSION.dll
0x00007ffdfa030000 - 0x00007ffdfa045000 	C:\Windows\SYSTEM32\UMPDC.dll
0x00007ffdfa310000 - 0x00007ffdfa32b000 	C:\Windows\SYSTEM32\kernel.appcore.dll
0x00007ffdda560000 - 0x00007ffdda56a000 	C:\Program Files\Android\Android Studio\jbr\bin\jimage.dll
0x00007ffdf8ba0000 - 0x00007ffdf8dec000 	C:\Windows\SYSTEM32\DBGHELP.DLL
0x00007ffdfdc80000 - 0x00007ffdfe005000 	C:\Windows\System32\combase.dll
0x00007ffdfcbb0000 - 0x00007ffdfcc89000 	C:\Windows\System32\OLEAUT32.dll
0x00007ffdddee0000 - 0x00007ffdddf1b000 	C:\Windows\SYSTEM32\dbgcore.DLL
0x00007ffdfb970000 - 0x00007ffdfba1c000 	C:\Windows\System32\bcryptPrimitives.dll
0x00007ffdf3c80000 - 0x00007ffdf3c8e000 	C:\Program Files\Android\Android Studio\jbr\bin\instrument.dll
0x00007ffdd8be0000 - 0x00007ffdd8bfe000 	C:\Program Files\Android\Android Studio\jbr\bin\java.dll
0x00007ffdfe010000 - 0x00007ffdfe1aa000 	C:\Windows\System32\ole32.dll
0x00007ffdfd230000 - 0x00007ffdfd9c8000 	C:\Windows\System32\SHELL32.dll
0x00007ffdd8bc0000 - 0x00007ffdd8bd6000 	C:\Program Files\Android\Android Studio\jbr\bin\zip.dll
0x00007ffdf8fc0000 - 0x00007ffdf986e000 	C:\Windows\SYSTEM32\windows.storage.dll
0x00007ffdfcd40000 - 0x00007ffdfce3b000 	C:\Windows\System32\SHCORE.dll
0x00007ffdfdab0000 - 0x00007ffdfdb16000 	C:\Windows\System32\shlwapi.dll
0x00007ffdfb480000 - 0x00007ffdfb4a9000 	C:\Windows\SYSTEM32\profapi.dll
0x00007ffdd8b80000 - 0x00007ffdd8b90000 	C:\Program Files\Android\Android Studio\jbr\bin\net.dll
0x00007ffdfa8c0000 - 0x00007ffdfa92c000 	C:\Windows\system32\mswsock.dll
0x00007ffdced60000 - 0x00007ffdced76000 	C:\Program Files\Android\Android Studio\jbr\bin\nio.dll
0x00007ffdd8bb0000 - 0x00007ffdd8bc0000 	C:\Program Files\Android\Android Studio\jbr\bin\verify.dll
0x00007ffdd0d70000 - 0x00007ffdd0d97000 	C:\Users\user\.gradle\native\660c5614fbf4a5f2a75b1949f50a0caf5cd603558e7d8a26e50b933a0cfb79d1\windows-amd64\native-platform.dll
0x00007ffde3a70000 - 0x00007ffde3ae7000 	C:\Users\user\.gradle\native\0.2.8\x86_64-windows-gnu\gradle-fileevents.dll
0x00007ffdc93d0000 - 0x00007ffdc93d9000 	C:\Program Files\Android\Android Studio\jbr\bin\management.dll
0x00007ffdc93c0000 - 0x00007ffdc93cb000 	C:\Program Files\Android\Android Studio\jbr\bin\management_ext.dll
0x00007ffdfcff0000 - 0x00007ffdfcff8000 	C:\Windows\System32\PSAPI.DLL
0x00007ffdf9c30000 - 0x00007ffdf9c63000 	C:\Windows\SYSTEM32\IPHLPAPI.DLL
0x00007ffdfc140000 - 0x00007ffdfc14a000 	C:\Windows\System32\NSI.dll
0x00007ffdca290000 - 0x00007ffdca299000 	C:\Program Files\Android\Android Studio\jbr\bin\extnet.dll
0x00007ffdfabe0000 - 0x00007ffdfabfb000 	C:\Windows\SYSTEM32\CRYPTSP.dll
0x00007ffdfa270000 - 0x00007ffdfa2a9000 	C:\Windows\system32\rsaenh.dll
0x00007ffdfa970000 - 0x00007ffdfa9a4000 	C:\Windows\SYSTEM32\USERENV.dll
0x00007ffdfb450000 - 0x00007ffdfb47a000 	C:\Windows\SYSTEM32\bcrypt.dll
0x00007ffdfab20000 - 0x00007ffdfab2c000 	C:\Windows\SYSTEM32\CRYPTBASE.dll
0x00007ffdd83f0000 - 0x00007ffdd83f8000 	C:\Windows\system32\wshunix.dll
0x00007ffdfa440000 - 0x00007ffdfa476000 	C:\Windows\SYSTEM32\ntmarta.dll

JVMTI agents:
C:\Users\user\.gradle\wrapper\dists\gradle-9.7.1-bin\1w1c7tv4s851m17nbqdsro2tv\gradle-9.7.1\lib\agents\gradle-instrumentation-agent-9.7.1.jar path:C:\Program Files\Android\Android Studio\jbr\bin\instrument.dll, loaded, initialized, instrumentlib options:none

dbghelp: loaded successfully - version: 4.0.5 - missing functions: none
symbol engine: initialized successfully - sym options: 0x614 - pdb path: .;C:\Program Files\Android\Android Studio\jbr\bin;C:\Windows\SYSTEM32;C:\Windows\WinSxS\amd64_microsoft.windows.common-controls_6595b64144ccf1df_6.0.26100.9278_none_3e0d1ba8e3303201;C:\Program Files\Android\Android Studio\jbr\bin\server;C:\Users\user\.gradle\native\660c5614fbf4a5f2a75b1949f50a0caf5cd603558e7d8a26e50b933a0cfb79d1\windows-amd64;C:\Users\user\.gradle\native\0.2.8\x86_64-windows-gnu

VM Arguments:
jvm_args: --add-opens=java.base/java.lang=ALL-UNNAMED --add-opens=java.base/java.lang.invoke=ALL-UNNAMED --add-opens=java.base/java.util=ALL-UNNAMED --add-opens=java.prefs/java.util.prefs=ALL-UNNAMED --add-exports=jdk.compiler/com.sun.tools.javac.api=ALL-UNNAMED --add-exports=jdk.compiler/com.sun.tools.javac.util=ALL-UNNAMED --add-opens=java.base/java.nio.charset=ALL-UNNAMED --add-opens=java.base/java.net=ALL-UNNAMED --add-opens=java.base/java.util.concurrent=ALL-UNNAMED --add-opens=java.base/java.util.concurrent.atomic=ALL-UNNAMED --add-opens=java.xml/javax.xml.namespace=ALL-UNNAMED --add-opens=java.base/java.time=ALL-UNNAMED --enable-native-access=ALL-UNNAMED -Xmx2048m -Dfile.encoding=UTF-8 -Duser.country=US -Duser.language=en -Duser.variant -javaagent:C:\Users\user\.gradle\wrapper\dists\gradle-9.7.1-bin\1w1c7tv4s851m17nbqdsro2tv\gradle-9.7.1\lib\agents\gradle-instrumentation-agent-9.7.1.jar 
java_command: org.gradle.launcher.daemon.bootstrap.GradleDaemon 9.7.1
java_class_path (initial): C:\Users\user\.gradle\wrapper\dists\gradle-9.7.1-bin\1w1c7tv4s851m17nbqdsro2tv\gradle-9.7.1\lib\gradle-daemon-main-9.7.1.jar
Launcher Type: SUN_STANDARD

[Global flags]
     intx CICompilerCount                          = 12                                        {product} {ergonomic}
     uint ConcGCThreads                            = 3                                         {product} {ergonomic}
     uint G1ConcRefinementThreads                  = 13                                        {product} {ergonomic}
   size_t G1HeapRegionSize                         = 1048576                                   {product} {ergonomic}
   size_t InitialHeapSize                          = 331350016                                 {product} {ergonomic}
   size_t MarkStackSize                            = 4194304                                   {product} {ergonomic}
   size_t MarkStackSizeMax                         = 536870912                                 {product} {ergonomic}
   size_t MaxHeapSize                              = 2147483648                                {product} {command line}
   size_t MaxNewSize                               = 1287651328                                {product} {ergonomic}
   size_t MinHeapDeltaBytes                        = 1048576                                   {product} {ergonomic}
   size_t MinHeapSize                              = 8388608                                   {product} {ergonomic}
    uintx NonNMethodCodeHeapSize                   = 7667712                                {pd product} {ergonomic}
    uintx NonProfiledCodeHeapSize                  = 122028032                              {pd product} {ergonomic}
    uintx ProfiledCodeHeapSize                     = 122028032                              {pd product} {ergonomic}
    uintx ReservedCodeCacheSize                    = 251723776                              {pd product} {ergonomic}
     bool SegmentedCodeCache                       = true                                      {product} {ergonomic}
   size_t SoftMaxHeapSize                          = 2147483648                             {manageable} {ergonomic}
     bool UseCompressedOops                        = true                           {product lp64_product} {ergonomic}
     bool UseG1GC                                  = true                                      {product} {ergonomic}
     bool UseLargePagesIndividualAllocation        = false                                  {pd product} {ergonomic}

Logging:
Log output configuration:
 #0: stdout all=warning uptime,level,tags foldmultilines=false
 #1: stderr all=off uptime,level,tags foldmultilines=false

Release file:
JAVA_VERSION="25.0.3" 
MODULES="java.base java.compiler java.datatransfer java.xml java.prefs java.desktop java.instrument java.logging java.management java.security.sasl java.naming java.rmi java.management.rmi java.net.http java.scripting java.security.jgss java.transaction.xa java.sql java.sql.rowset java.xml.crypto java.se java.smartcardio jdk.accessibility jdk.internal.jvmstat jdk.attach jdk.charsets jdk.internal.opt jdk.zipfs jdk.compiler jdk.crypto.cryptoki jdk.crypto.ec jdk.dynalink jdk.hotspot.agent jdk.httpserver jdk.internal.ed jdk.internal.le jdk.internal.md jdk.internal.vm.ci jdk.jartool jdk.javadoc jdk.jcmd jdk.jdeps jdk.jdwp.agent jdk.jdi jdk.jfr jdk.jlink jdk.localedata jdk.management jdk.management.agent jdk.management.jfr jdk.naming.dns jdk.naming.rmi jdk.net jdk.sctp jdk.security.auth jdk.security.jgss jdk.unsupported jdk.unsupported.desktop jdk.xml.dom" 
IMPLEMENTOR="JetBrains s.r.o." 
JAVA_RUNTIME_VERSION="25.0.3+-15898627-b508.16" 
LIBC="default" 
OS_ARCH="x86_64" 
OS_NAME="Windows" 
SOURCE=".:git:a8b1dba3234f" 

Environment Variables:
JAVA_HOME=C:\Program Files\Eclipse Adoptium\jdk-17.0.16.8-hotspot\
PATH=C:\Program Files (x86)\Common Files\Oracle\Java\java8path;C:\Program Files (x86)\Common Files\Oracle\Java\javapath;C:\Program Files\Eclipse Adoptium\jdk-17.0.16.8-hotspot\bin;C:\Windows\system32;C:\Windows;C:\Windows\System32\Wbem;C:\Windows\System32\WindowsPowerShell\v1.0\;C:\Windows\System32\OpenSSH\;C:\Program Files (x86)\NVIDIA Corporation\PhysX\Common;C:\Program Files\NVIDIA Corporation\NVIDIA NvDLISR;C:\Program Files\dotnet\;D:\Apps\NeoVim\bin;C:\Program Files\nodejs\;C:\ProgramData\chocolatey\bin;C:\Program Files\Git\cmd;C:\Users\user\AppData\Local\Muse Hub\lib;C:\Program Files\WireGuard\;C:\Users\user\.config\herd\bin\nvm;C:\Program Files\nodejs;C:\Users\user\.config\herd\bin;C:\Users\user\AppData\Local\Microsoft\WindowsApps;C:\Users\user\AppData\Local\GitHubDesktop\bin;C:\Users\user\AppData\Local\Python\bin;C:\Users\user\AppData\Local\Programs\Microsoft VS Code\bin;C:\msys64\ucrt64\bin;C:\Users\user\AppData\Roaming\npm;C:\Users\user\AppData\Local\Programs\Antigravity IDE\bin;C:\Users\user\AppData\Local\Muse Hub\lib;C:\Users\user\AppData\Local\Programs\Ollama
USERNAME=user
OS=Windows_NT
PROCESSOR_IDENTIFIER=Intel64 Family 6 Model 191 Stepping 2, GenuineIntel
TMP=C:\Users\user\AppData\Local\Temp
TEMP=C:\Users\user\AppData\Local\Temp




Compilation memory statistics disabled.

Periodic native trim disabled

JNI global refs:
JNI global refs: 35, weak refs: 0

JNI global refs memory usage: 835, weak refs: 833

Process memory usage:
Resident Set Size: 664672K (3% of 20672376K total physical memory with 1671520K free physical memory)

OOME stack traces (most recent first):
Classloader memory used:
Loader org.gradle.internal.classloader.VisitableURLClassLoader                         : 47559 K
Loader org.gradle.internal.classloader.VisitableURLClassLoader$InstrumentingVisitableURLClassLoader: 33002 K
Loader bootstrap                                                                       : 30924 K
Loader org.gradle.initialization.MixInLegacyTypesClassLoader                           : 16188 K
Loader org.gradle.internal.classloader.VisitableURLClassLoader                         : 202 K
Loader jdk.internal.loader.ClassLoaders$AppClassLoader                                 : 190 K
Loader jdk.internal.loader.ClassLoaders$PlatformClassLoader                            : 130 K
Loader org.gradle.groovy.scripts.internal.DefaultScriptCompilationHandler$ScriptClassLoader: 123 K
Loader sun.reflect.misc.MethodUtil                                                     : 2968 B

Classes loaded by more than one classloader:
Class Program                                                                         : loaded 5 times (x 74B)
Class Build_gradle                                                                    : loaded 3 times (x 128B)
Class com.google.common.collect.RegularImmutableMap$KeySet                            : loaded 2 times (x 154B)
Class org.gradle.internal.classloader.FilteringClassLoader                            : loaded 2 times (x 106B)
Class [Lcom.google.common.base.AbstractIterator$State;                                : loaded 2 times (x 71B)
Class com.google.common.io.FileWriteMode                                              : loaded 2 times (x 81B)
Class com.google.common.base.CharMatcher$IsEither                                     : loaded 2 times (x 113B)
Class org.gradle.internal.classloader.ClassLoaderHierarchy                            : loaded 2 times (x 72B)
Class com.google.common.collect.AbstractMapBasedMultimap$WrappedCollection            : loaded 2 times (x 126B)
Class com.google.common.collect.ImmutableEnumSet                                      : loaded 2 times (x 148B)
Class com.google.common.collect.ImmutableList$1                                       : loaded 2 times (x 99B)
Class com.google.common.util.concurrent.ExecutionError                                : loaded 2 times (x 84B)
Class com.google.common.io.ByteArrayDataOutput                                        : loaded 2 times (x 72B)
Class com.google.common.collect.RegularImmutableMap                                   : loaded 2 times (x 122B)
Class com.google.common.collect.ImmutableMap$MapViewOfValuesAsSingletonSets           : loaded 2 times (x 128B)
Class com.google.common.collect.TransformedListIterator                               : loaded 2 times (x 95B)
Class com.google.common.reflect.TypeCapture                                           : loaded 2 times (x 73B)
Class [Lorg.objectweb.asm.Symbol;                                                     : loaded 2 times (x 71B)
Class org.objectweb.asm.ClassVisitor                                                  : loaded 2 times (x 90B)
Class com.google.common.collect.UnmodifiableListIterator                              : loaded 2 times (x 97B)
Class com.google.common.base.Platform$JdkPatternCompiler                              : loaded 2 times (x 77B)
Class org.objectweb.asm.MethodTooLargeException                                       : loaded 2 times (x 84B)
Class [Lcom.google.common.cache.CacheBuilder$OneWeigher;                              : loaded 2 times (x 71B)
Class com.google.common.base.Suppliers                                                : loaded 2 times (x 73B)
Class org.gradle.internal.classloader.DefaultClassLoaderFactory                       : loaded 2 times (x 84B)
Class org.apache.commons.io.file.PathUtils                                            : loaded 2 times (x 73B)
Class com.google.common.base.CharMatcher$None                                         : loaded 2 times (x 114B)
Class com.google.common.io.ByteSource$ConcatenatedByteSource                          : loaded 2 times (x 87B)
Class [Lcom.google.common.collect.ImmutableMapEntry;                                  : loaded 2 times (x 71B)
Class [Lorg.apache.commons.io.StandardLineSeparator;                                  : loaded 2 times (x 71B)
Class org.apache.commons.io.output.StringBuilderWriter                                : loaded 2 times (x 102B)
Class com.google.common.collect.ListMultimap                                          : loaded 2 times (x 72B)
Class com.google.common.collect.ImmutableEnumMap                                      : loaded 2 times (x 128B)
Class com.google.common.base.Splitter                                                 : loaded 2 times (x 74B)
Class com.google.common.collect.Sets$1                                                : loaded 2 times (x 143B)
Class org.objectweb.asm.AnnotationVisitor                                             : loaded 2 times (x 80B)
Class org.gradle.api.internal.DefaultClassPathProvider                                : loaded 2 times (x 78B)
Class com.google.common.collect.Maps$ViewCachingAbstractMap                           : loaded 2 times (x 127B)
Class com.google.common.io.CharSource$ConcatenatedCharSource                          : loaded 2 times (x 88B)
Class com.google.common.collect.Sets$2                                                : loaded 2 times (x 143B)
Class [Lorg.gradle.api.internal.ClassPathProvider;                                    : loaded 2 times (x 71B)
Class org.gradle.api.internal.ClassPathProvider                                       : loaded 2 times (x 72B)
Class com.google.common.reflect.Types$ClassOwnership$1                                : loaded 2 times (x 82B)
Class com.google.common.base.AbstractIterator$State                                   : loaded 2 times (x 81B)
Class [Lorg.objectweb.asm.AnnotationVisitor;                                          : loaded 2 times (x 71B)
Class com.google.common.collect.Sets$3                                                : loaded 2 times (x 143B)
Class com.google.common.cache.LocalCache$LocalLoadingCache                            : loaded 2 times (x 136B)
Class org.gradle.internal.service.UnknownServiceException                             : loaded 2 times (x 85B)
Class com.google.common.reflect.Types$ClassOwnership$2                                : loaded 2 times (x 82B)
Class com.google.common.reflect.TypeResolver                                          : loaded 2 times (x 74B)
Class com.google.common.io.ByteArrayDataInput                                         : loaded 2 times (x 72B)
Class com.google.common.collect.Sets$4                                                : loaded 2 times (x 143B)
Class org.objectweb.asm.ModuleVisitor                                                 : loaded 2 times (x 83B)
Class com.google.common.cache.LocalCache$Strength$1                                   : loaded 2 times (x 83B)
Class com.google.common.reflect.Types$ClassOwnership$3                                : loaded 2 times (x 73B)
Class org.apache.commons.io.output.QueueOutputStream                                  : loaded 2 times (x 89B)
Class com.google.common.util.concurrent.SettableFuture                                : loaded 2 times (x 116B)
Class com.google.common.cache.LocalCache$Strength$2                                   : loaded 2 times (x 83B)
Class com.google.common.collect.TransformedIterator                                   : loaded 2 times (x 82B)
Class com.google.common.base.Splitter$1                                               : loaded 2 times (x 79B)
Class com.google.common.io.ByteStreams                                                : loaded 2 times (x 73B)
Class com.google.common.cache.LocalCache$Strength$3                                   : loaded 2 times (x 83B)
Class com.google.common.collect.MapDifference                                         : loaded 2 times (x 72B)
Class com.google.common.reflect.Invokable                                             : loaded 2 times (x 105B)
Class org.objectweb.asm.FieldWriter                                                   : loaded 2 times (x 79B)
Class com.google.common.cache.CacheBuilder$NullListener                               : loaded 2 times (x 84B)
Class org.gradle.internal.classpath.TransformedClassPath                              : loaded 2 times (x 101B)
Class org.gradle.internal.classloader.InstrumentingClassLoader                        : loaded 2 times (x 72B)
Class com.google.common.reflect.Types$ParameterizedTypeImpl                           : loaded 2 times (x 83B)
Class org.apache.commons.io.output.UnsynchronizedByteArrayOutputStream                : loaded 2 times (x 104B)
Class com.google.common.collect.Iterators$ArrayItr                                    : loaded 2 times (x 99B)
Class com.google.common.cache.CacheLoader$FunctionToCacheLoader                       : loaded 2 times (x 77B)
Class com.google.common.collect.ImmutableCollection$Builder                           : loaded 2 times (x 78B)
Class com.google.common.base.Equivalence$Identity                                     : loaded 2 times (x 84B)
Class org.apache.commons.io.output.ByteArrayOutputStream                              : loaded 2 times (x 104B)
Class com.google.common.base.Joiner                                                   : loaded 2 times (x 82B)
Class com.google.common.base.MoreObjects                                              : loaded 2 times (x 73B)
Class com.google.common.collect.Platform                                              : loaded 2 times (x 73B)
Class [Lorg.objectweb.asm.Type;                                                       : loaded 2 times (x 71B)
Class com.google.common.collect.UnmodifiableIterator                                  : loaded 2 times (x 82B)
Class org.gradle.internal.service.ServiceLocator                                      : loaded 2 times (x 72B)
Class org.apache.commons.io.FileExistsException                                       : loaded 2 times (x 84B)
Class com.google.common.base.Ascii                                                    : loaded 2 times (x 73B)
Class com.google.common.collect.SingletonImmutableBiMap                               : loaded 2 times (x 145B)
Class com.google.common.collect.Iterators$SingletonIterator                           : loaded 2 times (x 83B)
Class com.google.common.cache.LocalCache$1                                            : loaded 2 times (x 91B)
Class com.google.common.collect.AbstractMapEntry                                      : loaded 2 times (x 83B)
Class com.google.common.reflect.TypeToken$SimpleTypeToken                             : loaded 2 times (x 75B)
Class com.google.common.io.CharSource$StringCharSource                                : loaded 2 times (x 88B)
Class com.google.common.io.ByteSource$ByteArrayByteSource                             : loaded 2 times (x 87B)
Class com.google.common.collect.Sets$ImprovedAbstractSet                              : loaded 2 times (x 137B)
Class com.google.common.collect.ImmutableList$Builder                                 : loaded 2 times (x 79B)
Class com.google.common.collect.AbstractMultimap                                      : loaded 2 times (x 125B)
Class com.google.common.cache.LocalCache$2                                            : loaded 2 times (x 144B)
Class com.google.common.collect.RegularImmutableAsList                                : loaded 2 times (x 219B)
Class com.google.common.base.Optional                                                 : loaded 2 times (x 82B)
Class com.google.common.util.concurrent.AbstractFuture$Trusted                        : loaded 2 times (x 72B)
Class com.google.common.collect.Iterators                                             : loaded 2 times (x 73B)
Class com.google.common.io.ByteSink$AsCharSink                                        : loaded 2 times (x 82B)
Class com.google.common.collect.Lists$StringAsImmutableList                           : loaded 2 times (x 209B)
Class com.google.common.util.concurrent.UncheckedExecutionException                   : loaded 2 times (x 84B)
Class org.gradle.kotlin.dsl.VersionCatalogAccessorsKt                                 : loaded 2 times (x 73B)
Class ijKotlinCoroutineJvmDebugInit1_9sv6alppme9gmt0k1rtk5kuhh$_run_closure1$_closure2: loaded 2 times (x 140B)
Class com.google.common.collect.AbstractMapBasedMultimap$KeySet$1                     : loaded 2 times (x 84B)
Class org.objectweb.asm.ClassWriter                                                   : loaded 2 times (x 107B)
Class com.google.common.cache.CacheLoader$UnsupportedLoadingOperationException        : loaded 2 times (x 84B)
Class com.google.common.base.CharMatcher$And                                          : loaded 2 times (x 114B)
Class org.objectweb.asm.FieldVisitor                                                  : loaded 2 times (x 79B)
Class com.google.common.collect.IndexedImmutableSet                                   : loaded 2 times (x 154B)
Class com.google.common.collect.ImmutableMap$1                                        : loaded 2 times (x 83B)
Class com.google.common.collect.BiMap                                                 : loaded 2 times (x 72B)
Class org.gradle.api.internal.classpath.DefaultModuleRegistry$DefaultModule           : loaded 2 times (x 84B)
Class com.google.common.reflect.Reflection                                            : loaded 2 times (x 73B)
Class com.google.common.base.Absent                                                   : loaded 2 times (x 82B)
Class com.google.common.primitives.Ints                                               : loaded 2 times (x 73B)
Class com.google.common.collect.AbstractIterator                                      : loaded 2 times (x 84B)
Class com.google.common.collect.ObjectArrays                                          : loaded 2 times (x 73B)
Class com.google.common.math.MathPreconditions                                        : loaded 2 times (x 73B)
Class com.google.common.collect.Multiset                                              : loaded 2 times (x 72B)
Class com.google.common.collect.ArrayListMultimapGwtSerializationDependencies         : loaded 2 times (x 173B)
Class com.google.common.collect.AbstractIndexedListIterator                           : loaded 2 times (x 98B)
Class org.apache.commons.io.output.NullOutputStream                                   : loaded 2 times (x 87B)
Class com.google.common.collect.ImmutableMapEntrySet                                  : loaded 2 times (x 154B)
Class org.gradle.api.internal.classpath.Module                                        : loaded 2 times (x 72B)
Class com.google.common.cache.Weigher                                                 : loaded 2 times (x 72B)
Class org.gradle.api.internal.classpath.UnknownModuleException                        : loaded 2 times (x 84B)
Class com.google.common.base.Stopwatch                                                : loaded 2 times (x 74B)
Class com.google.common.cache.LocalCache$Strength                                     : loaded 2 times (x 83B)
Class com.google.common.cache.Cache                                                   : loaded 2 times (x 72B)
Class org.apache.commons.io.filefilter.IOFileFilter                                   : loaded 2 times (x 72B)
Class com.google.common.base.NullnessCasts                                            : loaded 2 times (x 73B)
Class com.google.common.util.concurrent.AbstractFuture$Cancellation                   : loaded 2 times (x 74B)
Class com.google.common.collect.ImmutableMap$Builder                                  : loaded 2 times (x 84B)
Class com.google.common.collect.AbstractMapBasedMultimap$WrappedCollection$WrappedIterator: loaded 2 times (x 86B)
Class com.google.common.base.Present                                                  : loaded 2 times (x 83B)
Class com.google.common.cache.RemovalListener                                         : loaded 2 times (x 72B)
Class org.gradle.api.internal.DefaultClassPathRegistry                                : loaded 2 times (x 78B)
Class com.google.common.reflect.Invokable$ConstructorInvokable                        : loaded 2 times (x 109B)
Class org.apache.commons.io.file.DeleteOption                                         : loaded 2 times (x 72B)
Class com.google.common.primitives.IntsMethodsForWeb                                  : loaded 2 times (x 73B)
Class com.google.common.collect.Multimap                                              : loaded 2 times (x 72B)
Class org.gradle.internal.classpath.DefaultClassPath$ImmutableUniqueList              : loaded 2 times (x 201B)
Class org.gradle.api.internal.ClassPathRegistry                                       : loaded 2 times (x 72B)
Class org.apache.commons.io.IOUtils                                                   : loaded 2 times (x 73B)
Class com.google.common.reflect.TypeToken                                             : loaded 2 times (x 75B)
Class com.google.common.reflect.TypeResolver$TypeVariableKey                          : loaded 2 times (x 74B)
Class com.google.common.io.ByteSink                                                   : loaded 2 times (x 78B)
Class com.google.common.collect.SingletonImmutableList                                : loaded 2 times (x 209B)
Class com.google.common.cache.CacheBuilder                                            : loaded 2 times (x 74B)
Class Settings_gradle$1                                                               : loaded 2 times (x 76B)
Class org.gradle.internal.classpath.ClassPath                                         : loaded 2 times (x 72B)
Class [Lcom.google.common.reflect.Types$JavaVersion;                                  : loaded 2 times (x 71B)
Class com.google.common.io.Files$FileByteSource                                       : loaded 2 times (x 87B)
Class com.google.common.base.JdkPattern                                               : loaded 2 times (x 77B)
Class com.google.common.collect.ImmutableList$ReverseImmutableList                    : loaded 2 times (x 211B)
Class ijKotlinCoroutineJvmDebugInit1_9sv6alppme9gmt0k1rtk5kuhh$_run_closure1          : loaded 2 times (x 140B)
Class com.google.common.io.CharSource$CharSequenceCharSource                          : loaded 2 times (x 88B)
Class com.google.errorprone.annotations.DoNotMock                                     : loaded 2 times (x 72B)
Class org.objectweb.asm.SymbolTable$Entry                                             : loaded 2 times (x 75B)
Class org.gradle.api.internal.classpath.DefaultModuleRegistry$DefaultModuleAlias      : loaded 2 times (x 82B)
Class org.objectweb.asm.Edge                                                          : loaded 2 times (x 74B)
Class com.google.common.collect.Iterators$1                                           : loaded 2 times (x 83B)
Class com.google.common.base.Suppliers$SupplierOfInstance                             : loaded 2 times (x 81B)
Class com.google.common.reflect.TypeToken$1                                           : loaded 2 times (x 112B)
Class com.google.common.collect.SingletonImmutableSet                                 : loaded 2 times (x 148B)
Class com.google.common.cache.LocalCache$ComputingValueReference                      : loaded 2 times (x 98B)
Class com.google.common.collect.ImmutableMap$IteratorBasedImmutableMap                : loaded 2 times (x 128B)
Class com.google.common.reflect.TypeToken$2                                           : loaded 2 times (x 112B)
Class com.google.common.cache.LocalCache$Segment                                      : loaded 2 times (x 155B)
Class com.google.common.collect.AbstractListMultimap                                  : loaded 2 times (x 173B)
Class [Lorg.objectweb.asm.SymbolTable$Entry;                                          : loaded 2 times (x 71B)
Class com.google.common.collect.Iterators$4                                           : loaded 2 times (x 84B)
Class com.google.common.cache.CacheLoader                                             : loaded 2 times (x 76B)
Class com.google.common.collect.ImmutableBiMap                                        : loaded 2 times (x 145B)
Class org.gradle.api.internal.classpath.ModuleRegistry                                : loaded 2 times (x 72B)
Class org.gradle.internal.installation.GradleInstallation$1                           : loaded 2 times (x 77B)
Class org.apache.commons.io.output.NullWriter                                         : loaded 2 times (x 101B)
Class com.google.common.base.Splitter$SplittingIterator                               : loaded 2 times (x 85B)
Class com.google.common.collect.ImmutableSet$JdkBackedSetBuilderImpl                  : loaded 2 times (x 78B)
Class com.google.common.util.concurrent.internal.InternalFutureFailureAccess          : loaded 2 times (x 74B)
Class com.google.common.collect.Iterators$5                                           : loaded 2 times (x 84B)
Class com.google.common.cache.LocalCache$LocalManualCache$1                           : loaded 2 times (x 77B)
Class com.google.common.base.CharMatcher$ForPredicate                                 : loaded 2 times (x 114B)
Class com.google.common.base.CharMatcher$AnyOf                                        : loaded 2 times (x 114B)
Class com.google.common.collect.ImmutableCollection                                   : loaded 2 times (x 127B)
Class org.gradle.api.internal.classpath.DefaultModuleRegistry                         : loaded 2 times (x 86B)
Class com.google.common.collect.Lists                                                 : loaded 2 times (x 73B)
Class com.google.common.util.concurrent.ListenableFuture                              : loaded 2 times (x 72B)
Class com.google.common.cache.ReferenceEntry                                          : loaded 2 times (x 72B)
Class com.google.common.base.Converter                                                : loaded 2 times (x 92B)
Class com.google.common.collect.ImmutableSet$CachingAsList                            : loaded 2 times (x 150B)
Class com.google.common.collect.AbstractMapBasedMultimap                              : loaded 2 times (x 140B)
Class com.google.common.util.concurrent.AbstractFuture                                : loaded 2 times (x 108B)
Class com.google.common.collect.Iterators$9                                           : loaded 2 times (x 83B)
Class com.google.common.collect.ImmutableAsList                                       : loaded 2 times (x 211B)
Class com.google.common.base.FunctionalEquivalence                                    : loaded 2 times (x 85B)
Class com.google.common.reflect.TypeResolver$TypeTable                                : loaded 2 times (x 75B)
Class org.objectweb.asm.RecordComponentVisitor                                        : loaded 2 times (x 79B)
Class com.google.common.cache.CacheLoader$SupplierToCacheLoader                       : loaded 2 times (x 77B)
Class com.google.common.reflect.TypeResolver$TypeTable$1                              : loaded 2 times (x 75B)
Class com.google.common.collect.Maps$EntryTransformer                                 : loaded 2 times (x 72B)
Class org.gradle.internal.service.ServiceLookupException                              : loaded 2 times (x 84B)
Class [Lcom.google.common.cache.LocalCache$EntryFactory;                              : loaded 2 times (x 71B)
Class org.gradle.internal.classloader.ClassLoaderFactory                              : loaded 2 times (x 72B)
Class org.apache.commons.io.CloseableURLConnection                                    : loaded 2 times (x 118B)
Class com.google.common.base.CommonPattern                                            : loaded 2 times (x 76B)
Class com.google.common.cache.LocalCache$LocalManualCache                             : loaded 2 times (x 101B)
Class com.google.common.base.CharMatcher$IsNot                                        : loaded 2 times (x 113B)
Class org.gradle.internal.service.CachingServiceLocator                               : loaded 2 times (x 84B)
Class com.google.common.collect.AbstractMapBasedMultimap$KeySet                       : loaded 2 times (x 139B)
Class com.google.common.math.IntMath                                                  : loaded 2 times (x 73B)
Class com.google.common.reflect.Types$TypeVariableInvocationHandler                   : loaded 2 times (x 77B)
Class com.google.common.collect.ImmutableMapEntry                                     : loaded 2 times (x 87B)
Class ijJvmDebugger1_dgb1k7ejekh1sld7z8yo85rke$_run_closure1$_closure2                : loaded 2 times (x 141B)
Class com.google.common.base.Equivalence                                              : loaded 2 times (x 84B)
Class com.google.common.base.Function                                                 : loaded 2 times (x 72B)
Class com.google.common.collect.ImmutableMapEntry$NonTerminalImmutableMapEntry        : loaded 2 times (x 87B)
Class org.apache.commons.io.output.AbstractByteArrayOutputStream                      : loaded 2 times (x 104B)
Class com.google.common.collect.RegularImmutableList                                  : loaded 2 times (x 215B)
Class com.google.common.cache.CacheBuilder$OneWeigher                                 : loaded 2 times (x 84B)
Class com.google.common.reflect.Types$ClassOwnership$1LocalClass                      : loaded 2 times (x 73B)
Class org.gradle.internal.classloader.ClasspathUtil                                   : loaded 2 times (x 73B)
Class com.google.common.util.concurrent.Uninterruptibles                              : loaded 2 times (x 73B)
Class com.google.common.io.CharSource                                                 : loaded 2 times (x 87B)
Class com.google.common.util.concurrent.LazyLogger                                    : loaded 2 times (x 74B)
Class com.google.common.collect.Maps                                                  : loaded 2 times (x 73B)
Class ijJvmDebugger1_dgb1k7ejekh1sld7z8yo85rke                                        : loaded 2 times (x 173B)
Class org.gradle.api.specs.Spec                                                       : loaded 2 times (x 72B)
Class com.google.common.reflect.Types$JavaVersion                                     : loaded 2 times (x 85B)
Class org.apache.commons.io.file.PathFilter                                           : loaded 2 times (x 72B)
Class [Lcom.google.common.collect.ImmutableEntry;                                     : loaded 2 times (x 71B)
Class com.google.common.cache.LocalCache$LoadingValueReference                        : loaded 2 times (x 98B)
Class com.google.common.reflect.Invokable$MethodInvokable                             : loaded 2 times (x 109B)
Class com.google.common.collect.AbstractMapBasedMultimap$AsMap                        : loaded 2 times (x 130B)
Class com.google.common.base.Platform                                                 : loaded 2 times (x 73B)
Class com.google.common.collect.AbstractMapBasedMultimap$WrappedList                  : loaded 2 times (x 207B)
Class [Lorg.objectweb.asm.AnnotationWriter;                                           : loaded 2 times (x 71B)
Class com.google.common.collect.Maps$8                                                : loaded 2 times (x 84B)
Class com.google.common.collect.Sets$SetView                                          : loaded 2 times (x 141B)
Class com.google.common.cache.LocalCache$StrongValueReference                         : loaded 2 times (x 92B)
Class com.google.common.graph.SuccessorsFunction                                      : loaded 2 times (x 72B)
Class org.objectweb.asm.Type                                                          : loaded 2 times (x 74B)
Class ijKotlinCoroutineJvmDebugInit1_9sv6alppme9gmt0k1rtk5kuhh                        : loaded 2 times (x 173B)
Class org.gradle.internal.classloader.VisitableURLClassLoader$InstrumentingVisitableURLClassLoader: loaded 2 times (x 124B)
Class org.apache.commons.io.FileUtils                                                 : loaded 2 times (x 73B)
Class com.google.common.io.Files$FileByteSink                                         : loaded 2 times (x 79B)
Class com.google.common.math.IntMath$1                                                : loaded 2 times (x 73B)
Class org.objectweb.asm.ByteVector                                                    : loaded 2 times (x 81B)
Class [Lcom.google.common.cache.CacheBuilder$NullListener;                            : loaded 2 times (x 71B)
Class org.gradle.internal.classloader.VisitableURLClassLoader$Spec                    : loaded 2 times (x 76B)
Class org.gradle.internal.classpath.DefaultClassPath                                  : loaded 2 times (x 92B)
Class com.google.common.reflect.Types$ClassOwnership                                  : loaded 2 times (x 82B)
Class com.google.common.base.AbstractIterator                                         : loaded 2 times (x 82B)
Class org.objectweb.asm.Symbol                                                        : loaded 2 times (x 75B)
Class com.google.common.io.Closer                                                     : loaded 2 times (x 80B)
Class com.google.common.base.CharMatcher$BitSetMatcher                                : loaded 2 times (x 114B)
Class com.google.common.collect.RegularImmutableMap$Values                            : loaded 2 times (x 209B)
Class com.google.common.collect.ImmutableSet                                          : loaded 2 times (x 147B)
Class org.gradle.internal.classloader.ClassLoaderSpec                                 : loaded 2 times (x 73B)
Class com.google.common.io.ByteSource$EmptyByteSource                                 : loaded 2 times (x 87B)
Class org.objectweb.asm.AnnotationWriter                                              : loaded 2 times (x 80B)
Class com.google.common.cache.CacheStats                                              : loaded 2 times (x 73B)
Class com.google.common.io.LineProcessor                                              : loaded 2 times (x 72B)
Class com.google.common.io.Closer$Suppressor                                          : loaded 2 times (x 72B)
Class org.objectweb.asm.RecordComponentWriter                                         : loaded 2 times (x 79B)
Class com.google.common.util.concurrent.AbstractFuture$Listener                       : loaded 2 times (x 74B)
Class com.google.common.base.CharMatcher$Or                                           : loaded 2 times (x 114B)
Class Settings_gradle$1$1                                                             : loaded 2 times (x 76B)
Class org.gradle.api.internal.classpath.Module$ModuleAlias                            : loaded 2 times (x 72B)
Class org.objectweb.asm.Attribute                                                     : loaded 2 times (x 79B)
Class com.google.common.base.Supplier                                                 : loaded 2 times (x 72B)
Class org.gradle.internal.classloader.VisitableURLClassLoader                         : loaded 2 times (x 118B)
Class com.google.common.io.CharSource$AsByteSource                                    : loaded 2 times (x 87B)
Class Settings_gradle                                                                 : loaded 2 times (x 126B)
Class org.gradle.internal.Cast                                                        : loaded 2 times (x 73B)
Class org.gradle.api.Action                                                           : loaded 2 times (x 72B)
Class com.google.common.base.Strings                                                  : loaded 2 times (x 73B)
Class com.google.common.collect.Sets                                                  : loaded 2 times (x 73B)
Class org.objectweb.asm.Handler                                                       : loaded 2 times (x 74B)
Class com.google.common.base.Ticker                                                   : loaded 2 times (x 74B)
Class com.google.common.base.CharMatcher$FastMatcher                                  : loaded 2 times (x 113B)
Class [Lcom.google.common.cache.LocalCache$Segment;                                   : loaded 2 times (x 71B)
Class [Lcom.google.common.cache.LocalCache$Strength;                                  : loaded 2 times (x 71B)
Class com.google.common.cache.CacheBuilder$1                                          : loaded 2 times (x 87B)
Class com.google.common.base.Predicate                                                : loaded 2 times (x 72B)
Class com.google.common.collect.ImmutableMap                                          : loaded 2 times (x 122B)
Class org.gradle.internal.classpath.DefaultClassPath$ImmutableUniqueList$Builder      : loaded 2 times (x 77B)
Class com.google.common.cache.LocalCache                                              : loaded 2 times (x 188B)
Class com.google.common.cache.CacheBuilder$2                                          : loaded 2 times (x 81B)
Class com.google.common.base.CharMatcher$NegatedFastMatcher                           : loaded 2 times (x 115B)
Class com.google.common.collect.ArrayListMultimap                                     : loaded 2 times (x 173B)
Class com.google.common.cache.CacheBuilder$3                                          : loaded 2 times (x 74B)
Class [Lcom.google.common.collect.AbstractMapEntry;                                   : loaded 2 times (x 71B)
Class com.google.common.collect.ImmutableEntry                                        : loaded 2 times (x 84B)
Class org.gradle.api.GradleException                                                  : loaded 2 times (x 84B)
Class org.apache.commons.io.StandardLineSeparator                                     : loaded 2 times (x 81B)
Class com.google.common.io.CharSource$EmptyCharSource                                 : loaded 2 times (x 88B)
Class com.google.common.collect.CollectPreconditions                                  : loaded 2 times (x 73B)
Class [Lcom.google.common.io.FileWriteMode;                                           : loaded 2 times (x 71B)
Class com.google.common.collect.SortedMapDifference                                   : loaded 2 times (x 72B)
Class com.google.common.io.Files                                                      : loaded 2 times (x 73B)
Class com.google.common.cache.LocalCache$EntryFactory                                 : loaded 2 times (x 85B)
Class com.google.common.reflect.Types$NativeTypeVariableEquals                        : loaded 2 times (x 73B)
Class com.google.common.reflect.TypeParameter                                         : loaded 2 times (x 74B)
Class com.google.common.cache.LocalCache$AbstractReferenceEntry                       : loaded 2 times (x 109B)
Class org.gradle.internal.IoActions                                                   : loaded 2 times (x 73B)
Class org.objectweb.asm.SymbolTable                                                   : loaded 2 times (x 74B)
Class com.google.common.collect.ImmutableSet$RegularSetBuilderImpl                    : loaded 2 times (x 78B)
Class com.google.common.cache.CacheLoader$InvalidCacheLoadException                   : loaded 2 times (x 84B)
Class com.google.common.cache.LocalCache$StrongEntry                                  : loaded 2 times (x 110B)
Class com.google.common.util.concurrent.AbstractFuture$TrustedFuture                  : loaded 2 times (x 116B)
Class com.google.common.cache.LoadingCache                                            : loaded 2 times (x 72B)
Class com.google.common.io.ByteStreams$LimitedInputStream                             : loaded 2 times (x 94B)
Class org.objectweb.asm.MethodWriter                                                  : loaded 2 times (x 107B)
Class [Lcom.google.common.cache.Weigher;                                              : loaded 2 times (x 71B)
Class com.google.common.collect.RegularImmutableMap$BucketOverflowException           : loaded 2 times (x 84B)
Class com.google.common.collect.AbstractMapBasedMultimap$RandomAccessWrappedList      : loaded 2 times (x 207B)
Class com.google.common.reflect.Types$JavaVersion$1                                   : loaded 2 times (x 85B)
Class com.google.common.collect.RegularImmutableBiMap                                 : loaded 2 times (x 150B)
Class com.google.common.cache.LocalCache$ValueReference                               : loaded 2 times (x 72B)
Class com.google.common.base.CharMatcher$Is                                           : loaded 2 times (x 113B)
Class com.google.common.base.CharMatcher$Negated                                      : loaded 2 times (x 115B)
Class com.google.common.reflect.Types$JavaVersion$2                                   : loaded 2 times (x 85B)
Class com.google.common.reflect.Types                                                 : loaded 2 times (x 73B)
Class com.google.common.hash.PrimitiveSink                                            : loaded 2 times (x 72B)
Class com.google.common.base.PatternCompiler                                          : loaded 2 times (x 72B)
Class com.google.common.util.concurrent.AbstractFuture$Failure                        : loaded 2 times (x 74B)
Class com.google.common.base.Equivalence$Equals                                       : loaded 2 times (x 84B)
Class com.google.common.collect.Hashing                                               : loaded 2 times (x 73B)
Class com.google.common.base.Preconditions                                            : loaded 2 times (x 73B)
Class com.google.common.reflect.Types$JavaVersion$3                                   : loaded 2 times (x 85B)
Class [Lorg.apache.commons.io.file.DeleteOption;                                      : loaded 2 times (x 71B)
Class com.google.common.io.CharSink                                                   : loaded 2 times (x 81B)
Class com.google.common.base.Joiner$1                                                 : loaded 2 times (x 83B)
Class org.objectweb.asm.Label                                                         : loaded 2 times (x 75B)
Class org.objectweb.asm.CurrentFrame                                                  : loaded 2 times (x 75B)
Class org.objectweb.asm.ClassTooLargeException                                        : loaded 2 times (x 84B)
Class com.google.common.collect.PeekingIterator                                       : loaded 2 times (x 72B)
Class com.google.common.base.CharMatcher                                              : loaded 2 times (x 113B)
Class com.google.common.collect.Maps$IteratorBasedAbstractMap                         : loaded 2 times (x 127B)
Class com.google.common.collect.Table                                                 : loaded 2 times (x 72B)
Class com.google.common.reflect.Types$JavaVersion$4                                   : loaded 2 times (x 85B)
Class com.google.common.io.ByteSource$AsCharSource                                    : loaded 2 times (x 88B)
Class com.google.common.base.Joiner$2                                                 : loaded 2 times (x 82B)
Class org.objectweb.asm.Frame                                                         : loaded 2 times (x 75B)
Class org.objectweb.asm.MethodVisitor                                                 : loaded 2 times (x 107B)
Class com.google.common.cache.LocalCache$EntryFactory$1                               : loaded 2 times (x 85B)
Class [Lcom.google.common.cache.RemovalListener;                                      : loaded 2 times (x 71B)
Class com.google.common.base.CharMatcher$1                                            : loaded 2 times (x 115B)
Class com.google.common.base.CharMatcher$NamedFastMatcher                             : loaded 2 times (x 114B)
Class com.google.common.reflect.Types$JavaVersion$5                                   : loaded 2 times (x 73B)
Class [Lcom.google.common.reflect.Types$ClassOwnership;                               : loaded 2 times (x 71B)
Class com.google.common.cache.LocalCache$EntryFactory$2                               : loaded 2 times (x 85B)
Class org.objectweb.asm.ModuleWriter                                                  : loaded 2 times (x 83B)
Class com.google.common.cache.LocalCache$EntryFactory$3                               : loaded 2 times (x 85B)
Class com.google.common.base.Ticker$1                                                 : loaded 2 times (x 74B)
Class com.google.common.collect.Maps$BiMapConverter                                   : loaded 2 times (x 92B)
Class com.google.common.collect.ImmutableMapEntrySet$RegularEntrySet                  : loaded 2 times (x 154B)
Class com.google.common.collect.ImmutableSet$Builder                                  : loaded 2 times (x 87B)
Class com.google.common.cache.LocalCache$EntryFactory$4                               : loaded 2 times (x 85B)
Class com.google.common.base.CharMatcher$InRange                                      : loaded 2 times (x 113B)
Class com.google.common.io.ByteStreams$1                                              : loaded 2 times (x 87B)
Class com.google.common.cache.LocalCache$EntryFactory$5                               : loaded 2 times (x 85B)
Class ijJvmDebugger1_dgb1k7ejekh1sld7z8yo85rke$_run_closure1                          : loaded 2 times (x 140B)
Class com.google.common.base.PairwiseEquivalence                                      : loaded 2 times (x 85B)
Class org.apache.commons.io.output.AppendableWriter                                   : loaded 2 times (x 102B)
Class com.google.common.cache.LocalCache$EntryFactory$6                               : loaded 2 times (x 85B)
Class org.gradle.internal.installation.CurrentGradleInstallationLocator               : loaded 2 times (x 73B)
Class org.apache.commons.io.output.ThresholdingOutputStream                           : loaded 2 times (x 97B)
Class com.google.common.io.ByteSource$SlicedByteSource                                : loaded 2 times (x 87B)
Class com.google.common.collect.Maps$KeySet                                           : loaded 2 times (x 139B)
Class com.google.common.collect.ImmutableSet$EmptySetBuilderImpl                      : loaded 2 times (x 78B)
Class com.google.common.cache.LocalCache$EntryFactory$7                               : loaded 2 times (x 85B)
Class com.google.common.collect.ImmutableList                                         : loaded 2 times (x 208B)
Class org.gradle.internal.service.DefaultServiceLocator                               : loaded 2 times (x 85B)
Class com.google.common.collect.Maps$EntrySet                                         : loaded 2 times (x 138B)
Class com.google.common.collect.ImmutableSet$SetBuilderImpl                           : loaded 2 times (x 78B)
Class com.google.common.cache.LocalCache$EntryFactory$8                               : loaded 2 times (x 85B)
Class org.gradle.internal.installation.CurrentGradleInstallation                      : loaded 2 times (x 75B)
Class com.google.common.collect.ImmutableList$SubList                                 : loaded 2 times (x 211B)
Class com.google.common.cache.CacheLoader$1                                           : loaded 2 times (x 77B)
Class org.gradle.util.internal.GUtil                                                  : loaded 2 times (x 73B)
Class com.google.common.io.ByteSource                                                 : loaded 2 times (x 86B)
Class com.google.common.cache.AbstractCache$StatsCounter                              : loaded 2 times (x 72B)
Class com.google.common.reflect.Types$TypeVariableImpl                                : loaded 2 times (x 74B)
Class com.google.common.collect.Iterators$MergingIterator                             : loaded 2 times (x 83B)
Class com.google.common.collect.RegularImmutableSet                                   : loaded 2 times (x 150B)
Class org.gradle.internal.installation.GradleInstallation                             : loaded 2 times (x 77B)
Class com.google.common.base.Splitter$Strategy                                        : loaded 2 times (x 72B)
Class com.google.common.collect.Iterables                                             : loaded 2 times (x 73B)

---------------  S Y S T E M  ---------------

OS:
 Windows 11 , 64 bit Build 26100 (10.0.26100.9444)
OS uptime: 7 days 13:16 hours
Hyper-V role detected

CPU: total 16 (initial active 16) (8 cores per cpu, 2 threads per core) family 6 model 191 stepping 2 microcode 0x3a, cx8, cmov, fxsr, ht, mmx, 3dnowpref, sse, sse2, sse3, ssse3, sse4.1, sse4.2, popcnt, lzcnt, tsc, tscinvbit, avx, avx2, aes, erms, clmul, bmi1, bmi2, adx, sha, fma, vzeroupper, clflush, clflushopt, clwb, hv, serialize, rdtscp, rdpid, fsrm, gfni, f16c, cet_ibt, cet_ss
Processor Information for processor 0
  Max Mhz: 2400, Current Mhz: 2400, Mhz Limit: 2400
Processor Information for processor 1
  Max Mhz: 2400, Current Mhz: 2400, Mhz Limit: 2400
Processor Information for processor 2
  Max Mhz: 2400, Current Mhz: 2400, Mhz Limit: 2400
Processor Information for processor 3
  Max Mhz: 2400, Current Mhz: 2400, Mhz Limit: 2400
Processor Information for processor 4
  Max Mhz: 2400, Current Mhz: 2400, Mhz Limit: 2400
Processor Information for processor 5
  Max Mhz: 2400, Current Mhz: 2400, Mhz Limit: 2400
Processor Information for processor 6
  Max Mhz: 2400, Current Mhz: 1520, Mhz Limit: 2400
Processor Information for processor 7
  Max Mhz: 2400, Current Mhz: 2400, Mhz Limit: 2400
Processor Information for processor 8
  Max Mhz: 2400, Current Mhz: 2400, Mhz Limit: 2400
Processor Information for processor 9
  Max Mhz: 2400, Current Mhz: 2400, Mhz Limit: 2400
Processor Information for processor 10
  Max Mhz: 2400, Current Mhz: 2400, Mhz Limit: 2400
Processor Information for processor 11
  Max Mhz: 2400, Current Mhz: 2400, Mhz Limit: 2400
Processor Information for processor 12
  Max Mhz: 2400, Current Mhz: 2400, Mhz Limit: 2400
Processor Information for processor 13
  Max Mhz: 2400, Current Mhz: 2400, Mhz Limit: 2400
Processor Information for processor 14
  Max Mhz: 2400, Current Mhz: 2400, Mhz Limit: 2400
Processor Information for processor 15
  Max Mhz: 2400, Current Mhz: 2400, Mhz Limit: 2400

Memory: 4k page, system-wide physical 20187M (1631M free)
TotalPageFile size 24283M (AvailPageFile size 4M)
current process WorkingSet (physical memory assigned to process): 649M, peak: 654M
current process commit charge ("private bytes"): 695M, peak: 708M

vm_info: OpenJDK 64-Bit Server VM (25.0.3+-15898627-b508.16) for windows-amd64 JRE (25.0.3+-15898627-b508.16), built on 2026-07-20T17:54:23Z with MS VC++ 16.10 / 16.11 (VS2019)

END.
